"","Acetobacteraceae","Comamonadaceae","Christensenellaceae","Prevotellaceae","Family_XIII","Rhodobacteraceae","Ruminococcaceae","Corynebacteriaceae","Moraxellaceae","Peptococcaceae","JG30_KF_CM66(class)","Solibacteraceae_Subgroup_3_","uncultured","Pseudomonadaceae","Flavobacteriaceae","Sphingobacteriaceae","Sphingomonadaceae","Intrasporangiaceae","Lactobacillaceae","Rhodospirillaceae","Lachnospiraceae","Alcaligenaceae","Veillonellaceae","Erysipelotrichaceae","Clostridiales_vadinBB60_group","Burkholderiaceae","Family_XI","Leptotrichiaceae","Thermaceae","Coriobacteriaceae","Fibrobacteraceae","Bacteroidaceae","Porphyromonadaceae","Streptococcaceae","Peptostreptococcaceae","Leuconostocaceae","Rikenellaceae","Opitutaceae","Fusobacteriaceae","Bifidobacteriaceae","Aerococcaceae","Oscillochloridaceae","Actinomycetaceae","Caulobacteraceae","Defluviitaleaceae","Hyphomicrobiaceae","Spirochaetaceae","Iamiaceae","Oxalobacteraceae","Cellulomonadaceae","Eubacteriaceae","Pseudonocardiaceae","Micrococcaceae","Gastranaerophilales(order)","Desulfovibrionaceae","Neisseriaceae","Blastocatellaceae_Subgroup_4_","Subgroup_6(class)","Listeriaceae","Synergistaceae","Methylobacteriaceae","0319_6A21","Mollicutes_RF9(order)","Caldilineaceae","Erythrobacteraceae","Acidaminococcaceae","Mycobacteriaceae","Alicyclobacillaceae","Bacteroidales_S24_7_group","Planctomycetaceae","Desulfurellaceae","WCHA1_57(class)","Chthoniobacterales_Incertae_Sedis","Thermoanaerobacteraceae","Chitinophagaceae","OPB35_soil_group(class)","Tectomicrobia(phylum)","vadinBE97","Paenibacillaceae","Rhizobiales_Incertae_Sedis","Nocardioidaceae","Chloroflexaceae","Methanobacteriaceae","Bacteriovoracaceae","Streptosporangiales_Incertae_Sedis","Microbacteriaceae","Planococcaceae","Rhizobiaceae","Victivallaceae","Xanthomonadaceae","Cryomorphaceae","Geobacteraceae","env_OPS_17","Unknown_Family","Shewanellaceae","Lentimicrobiaceae","Candidatus_Falkowbacteria(class)","Xanthobacteraceae","Nocardiaceae","Chloroplast(class)","Cytophagaceae","Xanthomonadales_Incertae_Sedis","Geodermatophilaceae","Gitt_GS_136(class)","Chthoniobacteraceae","Family_X","Staphylococcaceae","Campylobacteraceae","Acidimicrobiaceae","Rhodospirillales_Incertae_Sedis","Pasteurellaceae","Cyanobacteria(phylum)","NB1_j(order)","X35(order)","Enterobacteriaceae","Haliangiaceae","ABS_19","mle1_27","Brevibacteriaceae","PHOS_HE51","Methylophilaceae","Heliobacteriaceae","Oligosphaeraceae","Solirubrobacteraceae","Bacillaceae","KD4_96(class)","Verrucomicrobiaceae","Carnobacteriaceae","Clostridiaceae_1","FamilyII","Aeromonadaceae","Propionibacteriaceae","Phyllobacteriaceae","Bradyrhizobiaceae","NS9_marine_group","Cellvibrionaceae","UA11(class)","Lineage_IIb(order)","Polyangiaceae","Oligoflexaceae","Dermabacteraceae","Family_III","Lineage_IIc(order)"
"X206615",0.0,0.0005711022272986865,0.0,0.0,0.0,0.0,0.0830001903674091,0.001142204454597373,0.006853226727584237,0.0,0.0,0.0,0.0,0.0020940415000951836,0.0,0.0,0.0,0.0,0.0,0.0,0.4344184275652008,0.0,0.06225014277555682,0.01161241195507329,0.0,0.0,0.0,0.0,0.0,0.00019036740909956216,0.0,0.36245954692556637,0.002284408909194746,0.0007614696363982486,0.0,0.0,0.0,0.0,0.003997715591090805,0.0,0.0,0.0,0.0003807348181991243,0.0,0.0,0.0,0.0,0.0,0.0,0.0,0.0,0.0,0.0,0.0,0.0034266133637921186,0.0009518370454978108,0.0,0.0,0.0,0.0,0.0,0.0,0.0,0.0,0.0,0.0,0.0,0.0,0.0,0.0,0.0,0.0,0.0,0.0,0.0007614696363982486,0.0,0.0,0.0,0.0,0.0,0.0,0.0,0.0,0.0,0.0,0.0,0.0,0.0,0.0,0.0,0.0,0.0,0.0,0.0,0.0,0.0,0.0,0.0,0.001332571863696935,0.0,0.0,0.0,0.0,0.0,0.0,0.0,0.00019036740909956216,0.0,0.0,0.0,0.0,0.0,0.0,0.0,0.019798210546354465,0.0,0.0,0.0,0.0,0.0,0.0,0.0,0.0,0.0,0.0,0.0,0.0015229392727964973,0.0,0.0,0.0,0.0,0.0,0.0,0.0,0.0,0.0,0.0,0.0,0.0,0.0,0.0,0.0,0.0
"X206614",0.0,0.0021201413427561835,0.0,0.0,0.0,0.0,0.05017667844522968,0.0,0.0,0.0,0.0,0.0,0.0014134275618374558,0.0,0.0,0.0,0.0021201413427561835,0.0,0.0,0.0,0.5724381625441696,0.0,0.05017667844522968,0.0077738515901060075,0.0,0.0021201413427561835,0.0,0.0,0.0,0.0,0.0,0.27491166077738516,0.0,0.0,0.0,0.0,0.0077738515901060075,0.0,0.0,0.0,0.0,0.0,0.0,0.0021201413427561835,0.0,0.0,0.0,0.0,0.0,0.0,0.0,0.0,0.0,0.0,0.0,0.0,0.0,0.0,0.0,0.0,0.0,0.0,0.0,0.0,0.0,0.0,0.0,0.0,0.0,0.0,0.0,0.0,0.0,0.0,0.0,0.0,0.0,0.0,0.0,0.0,0.0,0.0,0.0,0.0,0.0,0.0,0.0,0.0,0.0,0.0,0.0,0.0,0.0,0.0,0.0,0.0,0.0,0.0,0.0,0.0,0.0,0.0,0.0,0.0,0.0,0.0,0.0028268551236749115,0.0,0.0,0.0,0.0,0.0,0.0,0.0,0.02402826855123675,0.0,0.0,0.0,0.0,0.0,0.0,0.0,0.0,0.0,0.0,0.0,0.0,0.0,0.0,0.0,0.0,0.0,0.0,0.0,0.0,0.0,0.0,0.0,0.0,0.0,0.0,0.0,0.0
"X206617",0.0,0.001953125,0.0,0.0,0.0,0.0,0.044270833333333336,0.005859375,0.0,0.0,0.0,0.0,0.0,0.0,0.0,0.0,0.0,0.0,0.0,0.0,0.3118489583333333,0.0,0.026692708333333332,0.0,0.0,0.0,0.0,0.0,0.0,0.0026041666666666665,0.0,0.546875,0.0,0.004557291666666667,0.008463541666666666,0.0,0.0,0.0,0.026041666666666668,0.0,0.0,0.0,0.0,0.0032552083333333335,0.0,0.0,0.0,0.0,0.0,0.0,0.0,0.0,0.0,0.0,0.0,0.0,0.0,0.0,0.0,0.0,0.0,0.0,0.0,0.0,0.0,0.0006510416666666666,0.0,0.0,0.012369791666666666,0.0,0.0,0.0,0.0,0.0,0.0,0.0,0.0,0.0,0.0,0.0,0.0,0.0,0.0,0.0,0.0,0.0,0.0,0.0,0.0,0.0,0.0,0.0,0.0,0.0,0.0,0.0,0.0,0.0,0.0,0.0,0.0,0.0,0.0,0.0,0.0,0.0,0.0,0.0,0.0,0.0,0.0,0.0,0.0,0.0,0.004557291666666667,0.0,0.0,0.0,0.0,0.0,0.0,0.0,0.0,0.0,0.0,0.0,0.0,0.0,0.0,0.0,0.0,0.0,0.0,0.0,0.0,0.0,0.0,0.0,0.0,0.0,0.0,0.0,0.0
"X206619",0.0,0.0,0.0,0.0,0.0,0.0,0.04751552795031056,0.0,0.0,0.0,0.0,0.0,0.0,0.0,0.008074534161490683,0.0,0.0,0.0,0.0,0.0,0.4015527950310559,0.007453416149068323,0.06894409937888199,0.0012422360248447205,0.0,0.0,0.0,0.0,0.0,0.002484472049689441,0.0,0.45248447204968945,0.0,0.0,0.0,0.0,0.00031055900621118014,0.0,0.0034161490683229812,0.0,0.0,0.0,0.0,0.0,0.0,0.0,0.0,0.0,0.0,0.0,0.0,0.0,0.0,0.0,0.0,0.0,0.0,0.0,0.0,0.0,0.0,0.0,0.0,0.0,0.0,0.0,0.0,0.0,0.0,0.0,0.0,0.0,0.0,0.0,0.0,0.0,0.0,0.0,0.0,0.0,0.0,0.0,0.0,0.0,0.0,0.0,0.0,0.0,0.0,0.0,0.0,0.0,0.0,0.0,0.0,0.0,0.0,0.0,0.0,0.0,0.0,0.0,0.0,0.0,0.0,0.0,0.0,0.0,0.0,0.0,0.0,0.0,0.0,0.0,0.006521739130434782,0.0,0.0,0.0,0.0,0.0,0.0,0.0,0.0,0.0,0.0,0.0,0.0,0.0,0.0,0.0,0.0,0.0,0.0,0.0,0.0,0.0,0.0,0.0,0.0,0.0,0.0,0.0,0.0
"X206616",0.0,0.0,0.0,0.0,0.0,0.0,0.028037383177570093,0.0,0.0,0.0,0.0,0.0,0.0,0.205607476635514,0.0,0.0,0.0,0.0,0.0,0.0,0.6448598130841121,0.0,0.0,0.0,0.0,0.0,0.0,0.0,0.0,0.009345794392523364,0.0,0.009345794392523364,0.0,0.0,0.0,0.0,0.0,0.0,0.0,0.0,0.0,0.0,0.0,0.0,0.0,0.0,0.0,0.0,0.0,0.0,0.0,0.0,0.0,0.0,0.0,0.0,0.0,0.0,0.0,0.0,0.0,0.0,0.0,0.0,0.0,0.0,0.0,0.0,0.0,0.0,0.0,0.0,0.0,0.0,0.0,0.0,0.0,0.0,0.0,0.0,0.0,0.0,0.0,0.0,0.0,0.0,0.0,0.0,0.0,0.0,0.0,0.0,0.0,0.0,0.0,0.0,0.0,0.0,0.0,0.0,0.0,0.0,0.0,0.0,0.0,0.0,0.0,0.0,0.0,0.0,0.0,0.0,0.0,0.0,0.09345794392523364,0.0,0.0,0.0,0.0,0.0,0.0,0.0,0.0,0.0,0.0,0.0,0.0,0.0,0.009345794392523364,0.0,0.0,0.0,0.0,0.0,0.0,0.0,0.0,0.0,0.0,0.0,0.0,0.0,0.0
"X206618",0.0,0.0006234413965087282,0.0,0.0,0.0,0.0,0.029925187032418952,0.0,0.003117206982543641,0.0,0.0,0.0,0.0,0.05236907730673317,0.0,0.0,0.0,0.0,0.0,0.0,0.08915211970074813,0.003740648379052369,0.01683291770573566,0.0,0.0,0.0,0.0,0.0,0.0,0.0,0.0,0.24625935162094764,0.0,0.003117206982543641,0.008728179551122194,0.0,0.0,0.0,0.0024937655860349127,0.0,0.0,0.0,0.0,0.0,0.0,0.0,0.0,0.0,0.0,0.0,0.0,0.0,0.0,0.0,0.0,0.0,0.0,0.0,0.0,0.0,0.0,0.0,0.0,0.0,0.0,0.0,0.0,0.0,0.0,0.0,0.0,0.0,0.0,0.0,0.0,0.0,0.0,0.0,0.0,0.0,0.0,0.0,0.0,0.0,0.0,0.0,0.0,0.0,0.0,0.0,0.0,0.0,0.0,0.0,0.0,0.0,0.0,0.0,0.0,0.0,0.0,0.0,0.0,0.0,0.0,0.0,0.5143391521197007,0.0,0.0,0.0,0.0,0.0,0.0,0.0,0.02805486284289277,0.0,0.0,0.0,0.0,0.0,0.0,0.0,0.0,0.0,0.0,0.0,0.0012468827930174563,0.0,0.0,0.0,0.0,0.0,0.0,0.0,0.0,0.0,0.0,0.0,0.0,0.0,0.0,0.0,0.0
"X206645",0.0,0.0,0.024906600249066,0.0,0.0,0.0,0.15317559153175592,0.0,0.0,0.0,0.0,0.0,0.0,0.009962640099626401,0.0,0.0,0.0,0.0,0.0,0.0,0.29763387297633875,0.0,0.08094645080946451,0.0,0.0,0.0,0.019925280199252802,0.0,0.0,0.0,0.0,0.3549190535491905,0.0,0.0,0.0,0.0,0.0,0.0,0.0,0.0,0.0,0.0,0.0,0.033623910336239106,0.0,0.0,0.0,0.0,0.0,0.0,0.0062266500622665,0.0,0.0,0.0,0.0,0.0,0.0,0.0,0.0,0.0,0.0,0.0,0.0,0.0,0.0,0.0,0.0,0.0,0.0,0.0,0.0,0.0,0.0,0.0,0.0,0.0,0.0,0.0,0.0,0.0,0.0,0.0,0.0,0.0,0.0,0.0,0.0,0.0,0.0,0.0,0.0,0.0,0.0,0.0,0.0,0.0,0.0,0.0,0.0,0.0,0.0,0.0,0.0,0.0,0.0,0.0,0.0,0.0,0.0,0.0,0.0,0.0,0.0,0.0,0.0186799501867995,0.0,0.0,0.0,0.0,0.0,0.0,0.0,0.0,0.0,0.0,0.0,0.0,0.0,0.0,0.0,0.0,0.0,0.0,0.0,0.0,0.0,0.0,0.0,0.0,0.0,0.0,0.0,0.0
"X206646",0.0,0.0,0.02126487906129538,8.472063371034016e-05,0.0008048460202482315,0.006608209429406532,0.32168424619816155,0.00033888253484136064,8.472063371034016e-05,0.000508323802262041,0.0,0.0,0.0,4.236031685517008e-05,0.0,0.0,0.0002541619011310205,0.0,8.472063371034016e-05,0.0,0.26454017876053715,8.472063371034016e-05,0.026009234549074427,0.001609692040496463,0.00021180158427585037,0.0,0.000550684119117211,0.0,0.0,0.0013978904562206124,0.0,0.29880967509636974,0.0038971491506756472,0.0003812428516965307,0.0006777650696827213,0.0,0.03897149150675647,0.0,0.00029652221798619053,0.002838141229296395,8.472063371034016e-05,0.0,4.236031685517008e-05,0.0,8.472063371034016e-05,0.0,0.0,0.0,0.0,0.0,0.0003812428516965307,0.0,0.0,0.0,4.236031685517008e-05,0.0,0.0,0.0,0.0,0.0,0.0,0.0,0.0,0.0,0.00012708095056551024,0.00016944126742068032,0.0,0.0,0.0,0.0,0.0,0.0,0.0,0.0,0.0,0.0,0.0,0.0,0.0,0.0,0.0,0.0,0.0,0.0,0.0,0.0,0.0,0.0,0.0,0.0,0.0,0.0,0.0,0.0,0.0,0.0,0.0,0.0,0.0,0.0,0.0,0.0,4.236031685517008e-05,0.0,0.0,0.0,0.0,8.472063371034016e-05,0.0,0.0,0.00021180158427585037,0.0,0.0,0.0,0.006354047528275512,0.0,0.0,0.0,0.0,0.0,0.0,0.0,0.0,0.0,0.0,0.0,4.236031685517008e-05,0.0,0.00021180158427585037,8.472063371034016e-05,0.0,0.0,0.0,0.0,0.0,0.0,0.0,0.0,0.0,0.0,0.0,0.0,0.0
"X206648",0.0,0.0,0.0,0.0002933411557641537,0.0,0.0,0.1824581988853036,0.0,5.8668231152830744e-05,0.0,0.0,0.0,0.0,0.0,0.0,0.0,0.0,0.0,0.0,0.01501906717512467,0.30085068935171605,0.08630096802581402,0.00023467292461132298,0.03326488706365503,0.0,0.0,0.0005280140803754767,0.0,0.0,0.0002933411557641537,0.0,0.332414197711939,0.004810794954532121,0.0005280140803754767,0.0,0.0,0.016837782340862424,0.0,0.0,0.0,0.0,0.0,0.0,0.0,0.0,0.0,0.0,0.0,0.0,0.0,0.0,0.0,0.0,0.0,0.014901730712819009,0.0,0.0,0.0,0.0,0.0,0.0,0.0,0.0,0.0,0.0,0.009328248753300088,0.0,0.0,0.0,0.0,0.0,0.0,0.0,0.0,0.0,0.0,0.0,0.0,0.0,0.0,0.0,0.0,0.0,0.00017600469345849224,0.0,0.0,0.0,0.0,0.0,0.0,0.0,0.0,0.0,0.0,0.0,0.0,0.0,0.0,0.0,0.0,0.0,0.0,0.0,0.0,0.0,0.0,5.8668231152830744e-05,0.0,0.0,0.0,0.00011733646230566149,0.0,0.0,0.0,0.0015253740099735993,0.0,0.0,0.0,0.0,0.0,0.0,0.0,0.0,0.0,0.0,0.0,0.0,0.0,0.0,0.0,0.0,0.0,0.0,0.0,0.0,0.0,0.0,0.0,0.0,0.0,0.0,0.0,0.0
"X206647",0.0,0.0,0.0,0.0,0.0001304744922367677,0.0,0.13695472535119385,0.0,0.0,0.0,0.0,0.0,0.0,0.00021745748706127952,0.0,0.0,0.0,0.0,0.0,0.0006088809637715826,0.48666985604314356,0.027530117861957987,0.002392032357674075,0.12225459922585134,0.0,0.0,0.0010003044404818858,0.0,0.0,0.0001739659896490236,0.0,0.14787109120167008,0.0007393554560083504,0.013482364197799331,8.69829948245118e-05,0.0,0.010394467881529161,0.0,0.0001739659896490236,0.0,0.0,0.0,0.00021745748706127952,0.0,0.0,4.34914974122559e-05,0.0,0.0,0.0,0.0,0.0,0.0,4.34914974122559e-05,0.0,0.04340451441743139,0.0,0.0,0.0,0.0,0.0,0.0,0.0,0.0,0.0,0.0,0.003696777280041752,0.0,0.0,0.0,0.0,0.0,0.0,0.0,0.0,0.0,0.0,0.0,0.0,0.0,0.0,0.0,0.0,0.0,0.0,0.0,0.0,0.0,8.69829948245118e-05,0.0,4.34914974122559e-05,0.0,0.0,0.0,0.0,0.0,0.0,0.0,0.0,0.0,0.0001304744922367677,0.0,0.0,0.0,0.0,0.0,0.0,0.0,0.0,0.0,0.0,0.0003479319792980472,0.0,0.0,0.0,0.0001304744922367677,0.0,0.0,0.0,0.0,0.0,0.0,0.0,0.0,0.0,0.0,0.0,0.0,0.0011742704301309095,0.0,0.0,0.0,0.0,0.0,0.0,0.0,0.0,0.0,0.0,0.0,0.0,0.0,0.0,0.0
"X206656",0.0,0.000576036866359447,0.0,0.002880184331797235,0.02707373271889401,0.0,0.30414746543778803,0.0,0.0,0.0,0.0,0.0,0.0,0.0,0.0,0.0,0.0,0.0,0.0,0.0,0.1889400921658986,0.000576036866359447,0.018433179723502304,0.07142857142857142,0.0,0.0,0.0,0.0,0.0034562211981566822,0.0017281105990783411,0.0,0.18029953917050692,0.024193548387096774,0.0,0.0,0.0,0.06509216589861751,0.0,0.0293778801843318,0.0,0.0,0.0,0.0017281105990783411,0.0,0.0,0.0,0.0,0.0,0.0,0.0,0.0,0.0,0.0,0.0,0.02304147465437788,0.0,0.0,0.0,0.0,0.0,0.0,0.010944700460829493,0.0,0.0,0.0,0.0069124423963133645,0.0,0.0,0.0017281105990783411,0.0,0.0,0.0,0.0,0.0,0.0,0.0,0.0,0.0,0.0,0.0,0.0,0.0,0.0,0.0,0.0,0.0,0.0,0.0,0.0,0.0,0.0,0.0,0.0,0.0,0.0,0.0,0.0034562211981566822,0.0,0.0,0.0,0.0,0.0,0.0,0.0,0.0,0.0,0.0,0.0,0.0,0.0,0.008640552995391706,0.0,0.0,0.0,0.01728110599078341,0.0,0.0,0.0,0.0,0.0,0.0,0.0,0.0,0.0,0.0,0.0,0.004032258064516129,0.0,0.004032258064516129,0.0,0.0,0.0,0.0,0.0,0.0,0.0,0.0,0.0,0.0,0.0,0.0,0.0,0.0
"X206655",0.0,0.00042735042735042735,0.02735042735042735,0.0008547008547008547,0.010683760683760684,0.0,0.34444444444444444,0.0,0.0,0.013675213675213675,0.0,0.0,0.0,0.006837606837606838,0.0,0.0,0.0,0.0,0.0,0.014102564102564103,0.3162393162393162,0.011111111111111112,0.005982905982905983,0.019658119658119658,0.0,0.0,0.0,0.0,0.0,0.0,0.0,0.13675213675213677,0.026495726495726495,0.0,0.0,0.0,0.04188034188034188,0.0,0.0,0.0,0.0,0.0,0.0,0.0,0.0,0.0,0.0,0.0,0.0,0.0,0.0,0.0,0.0,0.005555555555555556,0.002136752136752137,0.0,0.0,0.0,0.0,0.0,0.0,0.0,0.0,0.0,0.0,0.002136752136752137,0.0,0.0,0.0017094017094017094,0.0,0.0,0.0,0.0,0.0,0.0,0.0,0.0,0.0,0.0,0.0,0.0,0.0,0.0,0.0,0.0,0.0,0.0,0.0,0.0,0.0,0.0,0.0,0.0,0.0,0.0,0.0,0.0,0.0,0.0,0.0,0.0,0.0,0.0,0.0,0.0,0.0,0.0,0.0,0.0,0.0,0.0,0.0,0.0,0.0,0.011538461538461539,0.0,0.0,0.0,0.0,0.0,0.0,0.0,0.0,0.0,0.0,0.0,0.00042735042735042735,0.0,0.0,0.0,0.0,0.0,0.0,0.0,0.0,0.0,0.0,0.0,0.0,0.0,0.0,0.0,0.0
"X206659",0.0,0.0,0.0,0.050964946829460414,0.00023631350925561244,0.0,0.04056715242221347,0.0014966522252855454,0.0,0.0,0.0,0.0,0.0,0.00015754233950374162,0.0,0.0,0.0,0.0,0.0,0.0014966522252855454,0.29838519102008665,0.028830248129184718,0.09665222528554548,0.007483261126427727,0.0,0.0,7.877116975187081e-05,0.0,0.0,0.0005513981882630957,0.0,0.1676250492319811,0.018826309570697124,0.008428515163450178,7.877116975187081e-05,0.0,0.032926348956282,0.0,0.008349743993698306,0.0007089405277668373,0.0,0.0,0.0005513981882630957,0.00031508467900748325,0.0,0.0,0.0,0.0,0.0,0.0,0.0,0.0,0.0,0.004017329657345412,0.028200078771169753,0.0,0.0,0.0,0.0,0.009452540370224497,0.0,0.0,0.0,0.0,0.0,0.1781803859787318,0.0,0.0,0.0,0.0,0.0,0.0,0.0,0.0,0.0,0.0,0.0,0.0,0.0,0.0,0.0,0.0,0.0,0.0,0.0,0.0,0.0,0.0,0.0,0.0,0.0,0.0,0.0,0.0,0.0,0.0,0.0,0.0,0.0,0.0,0.0,0.0,0.0,0.0,0.0,0.0,0.0,0.0,0.0,0.0,0.0,0.0,0.0,0.0,0.014021268215833006,0.0,0.0,0.0,0.0,0.0,0.0,0.0,0.0,0.0,0.0,0.0,0.0009452540370224497,0.0004726270185112249,0.0,0.0,0.0,0.0,0.0,0.0,0.0,0.0,0.0,0.0,0.0,0.0,0.0,0.0,0.0
"X206660",0.0,0.0,0.0,0.15090078787574648,0.0,0.0,0.014904401063883174,5.018316856526321e-05,0.0,0.0,0.0,0.0,0.0,0.0,0.0,0.0,0.0,0.0,0.0,0.0014051287198273699,0.1403623224770412,0.03588096552416319,0.14056305515130224,0.0005018316856526321,0.0,0.0,0.0005018316856526321,0.0,0.0,0.0,0.0,0.21638982285341496,0.03231796055602951,0.00015054950569578964,0.0,0.0,0.028253123902243188,0.0,0.019671802077583178,0.0004516485170873689,0.0,0.0,0.0,0.0,5.018316856526321e-05,0.0,0.0,0.0,0.0,0.0,0.0,0.0,0.0,0.0011542128770010538,0.01565714859236212,0.0,0.0,0.0,0.0,0.0023084257540021075,0.0,0.0,0.0,0.0,0.0,0.17810006523811914,0.0,0.0,0.0,0.0,0.0,0.0,0.0,0.0,5.018316856526321e-05,0.0,0.0,0.0,0.0,0.0,0.0,0.0,0.0,0.0,0.0,0.0,0.0,0.0,0.00020073267426105285,0.0,0.0,0.0,0.0,0.0,0.0,0.0,0.0,0.0,0.0,0.0,0.0,0.0,0.0,0.0,0.0,0.0,0.00010036633713052642,0.0,0.0,0.0,0.0,0.0,0.0,0.0,0.011592311938575801,0.0,0.0,0.0,0.0,0.0,0.0,0.0,0.0,0.0,0.0,0.0,0.008480955487529482,0.0,0.0,0.0,0.0,0.0,0.0,0.0,0.0,0.0,0.0,0.0,0.0,0.0,0.0,0.0,0.0
"X206667",0.0,0.0005714829983807982,0.0,9.524716639679969e-05,0.0,0.0,0.04629012286884465,0.0,0.0,0.0,0.0,0.0,0.0,0.003428897990284789,0.0,0.0,0.0,0.0,0.007334031812553577,0.0,0.35441470616249166,0.015144299457091151,0.01247737879798076,0.003428897990284789,0.0,0.0,0.0013334603295551957,0.0,0.0,0.0,0.0,0.5151919230402896,0.0,0.007619773311743976,0.00933422230688637,0.0,0.0005714829983807982,0.0,0.0036193923230783886,0.0,0.0,0.0,0.0,0.0008572244975711972,0.0,0.0,0.0,0.0,0.0,0.0,0.0,0.0,0.0005714829983807982,0.0,0.007810267644537575,0.0,0.0,0.0,0.0,0.0,0.0,0.0,0.0,0.0,0.0,0.0,0.0,0.0,0.0,0.0,0.0,0.0,0.0,0.0,0.0,0.0,0.0,0.0,0.0,0.0,0.0,0.0,0.0,0.0,0.0,0.0,0.0,9.524716639679969e-05,0.0,0.0,0.0,0.0,0.0,0.0,0.0,0.0,0.0,0.0,0.0,0.0,0.0,0.0,0.0,0.0,0.0,0.0,0.0011429659967615963,0.0,0.0,0.0,0.002476426326316792,0.0,0.0,0.0,0.005333841318220783,0.0,0.0,0.0,0.0,0.0,0.0,0.0,0.0,0.0,0.0,0.0,0.0,0.0,9.524716639679969e-05,0.0,0.0,0.0002857414991903991,0.0,0.0,0.0,0.0,0.0,0.0,0.0,0.0,0.0,0.0,0.0004762358319839985
"X206668",0.0,0.0,0.0,0.0,0.0,0.014778325123152709,0.041050903119868636,0.042692939244663386,0.0,0.0,0.0,0.0,0.0,0.026272577996715927,0.0,0.0,0.0016420361247947454,0.0,0.0,0.0,0.3218390804597701,0.029556650246305417,0.0,0.0,0.0,0.0,0.0,0.0,0.0,0.0,0.0,0.3842364532019704,0.0016420361247947454,0.0,0.0016420361247947454,0.0,0.0049261083743842365,0.0,0.0,0.0,0.0,0.0,0.0,0.0,0.0,0.0,0.0,0.0,0.0,0.0,0.0,0.0,0.054187192118226604,0.0,0.0016420361247947454,0.0,0.0,0.0,0.0,0.0,0.0,0.0,0.0,0.0,0.0,0.0,0.0,0.0,0.0,0.0,0.0,0.0,0.0,0.0,0.0,0.0,0.0,0.0,0.024630541871921183,0.0,0.0,0.0,0.0,0.0,0.0,0.0,0.0,0.0,0.0,0.0,0.0,0.0,0.0,0.0,0.0,0.0,0.0,0.0,0.0,0.0,0.0,0.0,0.0,0.0,0.0,0.0,0.0,0.0,0.0,0.0,0.0,0.0,0.0,0.0,0.04433497536945813,0.0,0.0,0.0,0.0,0.0,0.0,0.0,0.0,0.0,0.0,0.0,0.0,0.0,0.0,0.0,0.0,0.0049261083743842365,0.0,0.0,0.0,0.0,0.0,0.0,0.0,0.0,0.0,0.0,0.0
"X206671",0.0,0.0,0.0,0.00012641425952847481,0.0,0.0,0.002907527969154921,0.0,0.0,0.0,0.0,0.0,0.0,0.0013273497250489855,0.0,0.0,0.0,0.0,0.00018962138929271222,0.0,0.17881297010302763,0.0,0.04184311990392516,0.0,0.0,0.00012641425952847481,0.00025282851905694963,0.0,0.0,0.0,0.0,0.5998988685923772,0.0,0.00657354149548069,0.00853296251817205,0.0,0.0,0.0,0.01902534605903546,0.0,0.0,0.0,0.0,0.0,0.0,0.0,0.0,0.0,0.0,0.0,0.0,0.0,0.0,0.0,0.0,0.0,0.0,0.0,0.0,0.0,0.0,0.0,0.0,0.0,0.0,0.0,0.0,0.0,0.0,0.0,0.0,0.0,0.0,0.0,0.0,0.0,0.0,0.0,0.0,0.0,0.0,0.0,0.0,0.0,0.0,0.0,0.0,0.0,0.0,0.0,0.0,0.0,0.00031603564882118704,0.0,0.0,0.0,0.0,0.0,0.0,0.0,0.0,0.0,0.0,0.0,0.0,0.0,0.0,0.0,0.0,0.0,0.006763162884773403,0.0,0.0,0.0,0.12059920359016497,0.0,0.0,0.0,0.0,0.0,0.0,0.0,0.0,0.0,0.0,0.0,0.0,0.0005056570381138993,0.011882940395676632,0.0,0.0,0.0,0.0,0.0,0.0,0.00031603564882118704,0.0,0.0,0.0,0.0,0.0,0.0,0.0
"X206672",0.0008811349017534585,0.0,0.0,8.811349017534584e-05,0.0,0.0,0.0006167944312274209,0.0,0.0,0.0,0.0,0.0,0.0,0.0,0.0,0.0,0.0003524539607013834,0.0002643404705260375,0.0,0.0002643404705260375,0.16794431227420917,0.0,0.025200458190148912,8.811349017534584e-05,0.0,0.0,0.0,0.0,0.0,0.0,0.0,0.4931712045114107,0.0,0.0042294475284166,0.00784210062560578,0.0,0.0,0.0,0.014714952859282756,0.0002643404705260375,0.0,0.0,0.0,0.0,0.0,0.0007930214115781126,0.0,0.0,0.0002643404705260375,0.0,0.0,0.0,0.000528680941052075,0.0,0.0,0.0,0.0,0.0,0.0,0.0,0.0006167944312274209,0.0,0.0,0.0,0.000528680941052075,0.0,0.0,0.0,0.0,0.0,0.0,0.0,0.0,0.0,0.0,0.0,0.0,0.0,0.0,0.0,0.0,0.0,0.0,0.0,0.0006167944312274209,0.0,0.0,0.0,0.0,0.0,0.0,0.0,0.0,0.0,0.0,0.0,0.0,0.0,0.0,0.0001762269803506917,0.0,0.0,0.00105736188210415,0.0,0.0,0.0,8.811349017534584e-05,0.0,0.0,0.0,0.008106441096131818,0.0,0.0,0.0,0.25517666754780155,0.0,0.0,0.0,0.0,0.0,0.0,0.0,0.0,0.0008811349017534585,0.0,0.0,0.0,0.0013217023526301878,0.013657590977178606,0.0,0.0,0.0,0.0002643404705260375,0.0,0.0,0.0,0.0,0.0,0.0,0.0,0.0,0.0,0.0
"X206673",0.0,0.0,0.0005584252408208851,0.0,0.001326259946949602,0.0,0.16159430406254363,0.00020940946530783192,6.980315510261064e-05,0.0008376378612313277,0.0,0.0,0.0,6.980315510261064e-05,0.0,0.0,0.0,0.0,0.0,0.0,0.20319698450369958,0.026455395783889432,0.0016054725673600447,0.006631299734748011,0.0,0.0,0.0,0.0,0.0,0.0009074410163339383,0.0,0.39389920424403185,0.08020382521289962,0.008166969147005444,0.006980315510261063,0.0,0.0,0.0,0.0,0.0003490157755130532,0.0,0.0,0.0,0.0,0.0,0.0,0.0,0.0,0.0,0.0,0.0005584252408208851,0.0,0.0,0.0,0.0,0.0,0.0,0.0,0.0,0.0,0.0,0.0,0.0,0.0,0.0,0.026106380008376378,0.0,0.0,0.0,0.0,0.0,0.0,0.0,0.0,0.0,0.0,0.0,0.0,0.0,0.0,0.0,0.0,0.0,0.0,0.0,0.0,0.0,0.0,0.0,6.980315510261064e-05,0.0,0.0,0.0,0.0,0.0,0.0,0.0,0.0,0.0,0.0,0.0,0.0,0.0,0.0,0.0,0.0,0.00041881893061566385,0.0,0.0,0.0,0.0,0.0,0.0,0.0,0.0005584252408208851,0.0,0.0,0.0,0.0,0.0,0.0,0.0,0.0,0.0,0.0,0.0,0.07720228954348736,0.0014658662571548234,0.0005584252408208851,0.0,0.0,0.0,0.0,0.0,0.0,0.0,0.0,0.0,0.0,0.0,0.0,0.0,0.0
"X206681",0.0,0.0,0.0,0.0,0.0,0.0,0.3047735618115055,0.0,0.0006119951040391676,0.0,0.0,0.0,0.0,0.028151774785801713,0.0,0.0,0.0,0.0,0.0,0.0,0.3445532435740514,0.0,0.10832313341493269,0.019583843329253364,0.0,0.0,0.0,0.0,0.0,0.014075887392900856,0.0,0.14687882496940025,0.0,0.0,0.0,0.0,0.0,0.0,0.0,0.006731946144430845,0.0,0.0,0.0,0.0,0.0,0.0,0.0,0.0,0.0,0.0,0.0,0.0,0.0,0.0,0.0,0.0,0.0,0.0,0.0,0.0,0.0,0.0,0.0,0.0,0.0,0.004283965728274173,0.0,0.0,0.0,0.0,0.0,0.0,0.0,0.0,0.0,0.0,0.0,0.0,0.0,0.0,0.0,0.0,0.0,0.0,0.0,0.0,0.0,0.0,0.0,0.0,0.0,0.0,0.0,0.0,0.0,0.0,0.0,0.0,0.0,0.0,0.0,0.0,0.0,0.0,0.0,0.0,0.0,0.0,0.0,0.0,0.0018359853121175031,0.0,0.0,0.0,0.020195838433292534,0.0,0.0,0.0,0.0,0.0,0.0,0.0,0.0,0.0,0.0,0.0,0.0,0.0,0.0,0.0,0.0,0.0,0.0,0.0,0.0,0.0,0.0,0.0,0.0,0.0,0.0,0.0,0.0
"X206682",0.0,0.007334963325183374,0.0,0.004889975550122249,0.0,0.0,0.33496332518337407,0.009779951100244499,0.0,0.0,0.0,0.0,0.0,0.0,0.0,0.0,0.0,0.0,0.0,0.0,0.2982885085574572,0.0,0.14180929095354522,0.009779951100244499,0.0,0.0,0.0,0.0,0.0,0.014669926650366748,0.0,0.05134474327628362,0.009779951100244499,0.04156479217603912,0.0,0.0,0.007334963325183374,0.02444987775061125,0.0,0.004889975550122249,0.0,0.0,0.0,0.0,0.0,0.0,0.0,0.0,0.0,0.0,0.0,0.0,0.0,0.0,0.0024449877750611247,0.0,0.0,0.0,0.0,0.0,0.0,0.0,0.0,0.0,0.0,0.0,0.0,0.0,0.0,0.0,0.0,0.0,0.0,0.0,0.0,0.0,0.0,0.0,0.0,0.0,0.0,0.0,0.0,0.0,0.0,0.0,0.0,0.0,0.0,0.0,0.0,0.014669926650366748,0.0,0.0,0.0,0.0,0.0,0.0,0.0,0.0,0.0,0.0,0.0,0.0,0.0,0.0,0.0,0.0,0.0,0.0,0.0,0.0,0.0,0.0,0.022004889975550123,0.0,0.0,0.0,0.0,0.0,0.0,0.0,0.0,0.0,0.0,0.0,0.0,0.0,0.0,0.0,0.0,0.0,0.0,0.0,0.0,0.0,0.0,0.0,0.0,0.0,0.0,0.0,0.0
"X206695",0.0,0.0,0.0,0.009316770186335404,0.0,0.0,0.08385093167701864,0.004140786749482402,0.017598343685300208,0.0,0.0,0.0,0.0,0.0010351966873706005,0.0,0.0,0.0,0.0,0.0,0.018633540372670808,0.16045548654244307,0.006211180124223602,0.019668737060041408,0.0,0.0,0.0,0.010351966873706004,0.0,0.0010351966873706005,0.004140786749482402,0.0,0.12836438923395446,0.0010351966873706005,0.028985507246376812,0.009316770186335404,0.0,0.0,0.0,0.009316770186335404,0.008281573498964804,0.0,0.0,0.0,0.0,0.0,0.0,0.0,0.0,0.0,0.0,0.0,0.0,0.009316770186335404,0.0,0.014492753623188406,0.0,0.0,0.0,0.0,0.0,0.0,0.0,0.0,0.0,0.0,0.0,0.0,0.0,0.0,0.0,0.0,0.0,0.0,0.0,0.0,0.0,0.0,0.0,0.0,0.0,0.0,0.0,0.0,0.0,0.0,0.0,0.0,0.0,0.0,0.0,0.0,0.0,0.0,0.0,0.0,0.0,0.0,0.0,0.0,0.051759834368530024,0.0,0.0,0.0,0.0,0.0,0.0,0.0010351966873706005,0.0,0.0,0.0,0.0,0.0,0.0,0.0,0.40062111801242234,0.0,0.0,0.0,0.0,0.0,0.0,0.0,0.0,0.0,0.0,0.0,0.0010351966873706005,0.0,0.0,0.0,0.0,0.0,0.0,0.0,0.0,0.0,0.0,0.0,0.0,0.0,0.0,0.0,0.0
"X206700",0.0,0.0,0.0,6.633279161553514e-05,3.316639580776757e-05,0.0,0.01757818977811681,0.0,3.316639580776757e-05,0.0,0.0,0.0,0.0,6.633279161553514e-05,0.0,0.0,0.0,0.0,0.0,0.0,0.14576630957513848,6.633279161553514e-05,0.07429272660939935,0.020165168651122684,0.0,0.0,0.006102616828629233,6.633279161553514e-05,0.0,6.633279161553514e-05,0.0,0.20271301117707538,0.0,0.0025869788730058705,0.0038141355178932706,0.0,0.0,0.0,0.19193393253955093,0.0,3.316639580776757e-05,0.0,0.0,0.0,0.0,0.0,0.0,0.0,0.0,0.0,0.0,0.0,0.0,0.0,0.0,0.0027528108520447083,0.0,0.0,0.0,0.0,0.0,0.0,0.0,0.0,0.0,0.0,0.0,0.0,0.0,0.0,0.0,0.0,0.0,0.0,0.0,0.0,0.0,0.0,0.0,0.0,0.0,0.0,0.0,0.0,0.0,0.0,0.0,0.0,0.0,0.0,0.0,0.0,0.0,0.0,0.0,0.0,0.0,0.0,0.0,0.0,0.0,0.0,0.0,0.0,0.0,0.0,0.00013266558323107028,0.002852310039468011,0.0,0.0,0.054923551457663096,0.0,0.0,0.0,0.2466916520181752,0.0,0.0,0.0,0.0,0.0,0.0,0.0,0.0,0.0,0.0,0.0,0.0,0.00029849756226990815,0.026964279791715035,0.0,0.0,0.0,0.0,0.0,0.0,0.0,0.0,0.0,0.0,0.0,0.0,0.0,0.0
"X206757",0.0,0.0,0.0,4.095171792456694e-05,0.0,0.0,0.01404643924812646,0.0,0.0,0.0,0.0,0.0,0.0,4.095171792456694e-05,0.0,0.0,0.0,0.0,0.0,0.0,0.25979769851345264,0.0,0.1450100331708915,0.020926327859453704,0.0,0.0,0.0001228551537737008,0.0,0.0,8.190343584913388e-05,0.0,0.49563864204103364,0.00040951717924566934,0.004177075228305827,0.009828412301896065,4.095171792456694e-05,8.190343584913388e-05,0.0,4.095171792456694e-05,0.019861583193414963,8.190343584913388e-05,0.0,0.0,0.0,0.0,0.0,0.0,0.0,0.0,0.0,0.0,0.0,0.0,0.0,4.095171792456694e-05,0.0,0.0,0.0,0.0,0.0,0.0,0.0,0.0,0.0,0.0,4.095171792456694e-05,0.0,0.0,0.0,0.0,0.0,0.0,0.0,0.0,0.0,0.0,0.0,0.0,0.0,0.0,0.0,0.0,0.0,0.0,0.0,0.0,0.0,0.0,0.0,0.0,0.0,0.0,0.0,0.0,0.0,0.0,0.0,0.0,0.0,0.0,0.0,0.0,0.0,0.0,0.0,0.0,4.095171792456694e-05,4.095171792456694e-05,0.0,0.0,4.095171792456694e-05,0.0,0.0,0.0,0.021335845038699373,0.0,0.0,0.0,0.0,0.0,0.0,0.0,0.0,0.0,0.0,0.0,0.0,0.005733240509439371,0.002498054793398583,0.0,0.0,0.0,0.0,0.0,0.0,0.0,0.0,0.0,0.0,0.0,0.0,0.0,0.0
"X206758",0.0,0.0,0.0,0.0,7.15128544355848e-05,0.0,0.01909393213430114,0.0,0.0001072692816533772,0.0,0.0,0.0,0.0,0.0001072692816533772,0.0,0.0,0.0,0.0,3.57564272177924e-05,0.0,0.30639682482926306,0.0,0.1571494976221976,0.015267994421997354,0.0,0.0,0.0017878213608896198,0.0,0.0,0.0005005899810490936,0.0,0.4378374512818679,0.0001430257088711696,0.007187041870776272,0.01194264669074266,0.0,7.15128544355848e-05,0.0,0.0002502949905245468,0.013337147352236565,0.0001430257088711696,0.0,0.0002502949905245468,0.0,0.0,0.0,0.0,0.0,0.0,0.0,0.0,0.0,3.57564272177924e-05,0.0,0.0,0.0,0.0,0.0,0.0,0.0,0.0,0.0,0.0,0.0,0.0,0.0,0.0,0.0,0.0,0.0,0.0,0.0,0.0,0.0,0.0,0.0,0.0,0.0,0.0,0.0,0.0,0.0,0.0,0.0,0.0,0.0,0.0,0.0,0.0,3.57564272177924e-05,0.0,0.0,0.0,0.0,0.0,0.0,0.0,0.0,0.0,0.0,0.0,0.0,0.0,0.0,0.0,0.0,3.57564272177924e-05,3.57564272177924e-05,0.0,0.0,0.00017878213608896198,0.0,0.0,0.0,0.02131083062180427,0.0,0.0,0.0,0.0,0.0,0.0,0.0,0.0,0.0,0.0,0.0,0.0,0.005685271927628991,0.0010011799620981872,0.0,0.0,0.0,0.0,0.0,0.0,0.0,0.0,0.0,0.0,0.0,0.0,0.0,0.0
"X206702",0.0,0.00048221174453493356,0.0,0.0,0.0,0.0,0.000589369909987141,0.0,0.00010715816545220746,0.0,0.0,0.0,0.0,0.0003214744963566224,0.0009644234890698671,0.0,0.0,0.0,0.0,0.0,0.0006965280754393485,0.0,0.0,0.0003214744963566224,0.0,5.357908272610373e-05,0.0006429489927132448,0.0,0.0,0.0,0.0,0.0017145306472353193,0.0,0.0003750535790827261,0.0,0.0,0.0,0.0,0.0,0.0,0.0,0.0,0.0,0.0,0.0,0.0,0.0,0.0,0.0,0.0,0.0,0.0,0.0,0.0,0.0,0.0,0.0,0.0,0.0,0.0,0.0,0.0,0.0,0.0,0.0,0.0,0.0,0.0,0.0012858979854264896,0.0,0.0,0.0,0.0,0.0,0.0,0.0,0.0,0.0,0.0,0.0,0.0,0.0,0.0,0.0,0.0,0.0,0.0,0.0,0.0,0.0,0.0,0.0,0.0,0.0,0.0,0.0,0.0,0.0,0.0,0.0,0.0009108444063437634,0.0,0.0,0.0,0.0,0.0,0.0,0.0,0.0,0.0,0.0,0.0,0.0,0.0,0.9914809258465495,0.0,0.0,0.0,0.0,0.0,0.0,0.0,0.0,0.0,0.0,0.0,0.0,0.0,0.0,0.0,0.0,5.357908272610373e-05,0.0,0.0,0.0,0.0,0.0,0.0,0.0,0.0,0.0,0.0,0.0
"X206701",0.0,0.0016907270126154247,0.0,0.0007803355442840422,0.0,0.0,0.003251398101183509,0.0011705033164260631,0.0,0.0,0.0,0.0,0.0,0.010534529847834569,0.0013005592404734035,0.0,0.0,0.0,0.0,0.0,0.0013005592404734035,0.0,0.001040447392378723,0.0,0.0,0.0,0.0,0.0,0.0005202236961893615,0.0,0.0,0.0036415658733255298,0.0,0.0,0.00026011184809468074,0.0,0.0,0.0,0.005072181037846274,0.00013005592404734037,0.0,0.0,0.0,0.0,0.0,0.0,0.0,0.0,0.0,0.0,0.0,0.0,0.0005202236961893615,0.0,0.0,0.0,0.0,0.0,0.0,0.0,0.0,0.0,0.0,0.0,0.0,0.0,0.0,0.0,0.0,0.0,0.0,0.0,0.0,0.0,0.0,0.0,0.0,0.0,0.002601118480946807,0.0,0.0,0.0,0.0,0.0,0.0,0.0,0.0,0.0,0.0,0.00013005592404734037,0.0,0.0,0.0,0.0,0.0,0.0,0.0,0.0,0.0,0.0,0.0,0.0,0.0,0.0,0.0,0.0,0.0015606710885680843,0.0,0.0,0.0,0.0,0.0,0.0,0.0,0.9644947327350761,0.0,0.0,0.0,0.0,0.0,0.0,0.0,0.0,0.0,0.0,0.0,0.0,0.0,0.0,0.0,0.0,0.0,0.0,0.0,0.0,0.0,0.0,0.0,0.0,0.0,0.0,0.0,0.0
"X206708",0.0,0.00015440835863914768,5.146945287971589e-05,0.0005661639816768747,0.0,0.0,0.3177209326264862,0.00030881671727829536,0.0,0.0,0.0,0.0,0.0,5.146945287971589e-05,0.0,0.0,0.0,0.0,0.00036028617015801124,0.0,0.30567708065263266,0.0033455144371815327,0.005249884193731021,0.02954346595295692,0.0,0.0,5.146945287971589e-05,0.00030881671727829536,0.0,0.0005146945287971588,0.0,0.3216326110453446,0.005146945287971589,0.0016984919450306244,5.146945287971589e-05,0.0,0.0,0.0,0.0008235112460754543,5.146945287971589e-05,0.0,0.0,0.0006691028874363066,0.0,0.0,0.0,0.0,0.0,0.00010293890575943178,0.0,0.0,0.0,0.0,0.0,0.001904369756549488,0.00030881671727829536,0.0,0.0,0.0,0.0,0.0,0.0,0.0,0.0,0.0,0.0,0.0,0.0,0.0,0.0,0.0,0.0,0.0,0.0,0.00015440835863914768,0.0,0.0,0.0,0.0,0.0,0.0,0.0,0.0,0.0,0.0,0.0,0.0,0.0,0.0,0.0,0.0,0.0,0.0,0.0,0.0,0.00010293890575943178,0.0,0.0,0.0,0.0,0.0,0.0,0.0,0.0,0.0,0.0,0.0005146945287971588,0.0,0.0,0.0,0.0013382057748726132,0.0,0.0,0.0,0.0009779196047146018,0.0,0.0,0.0,0.0,0.0,0.0,0.0,0.0,0.0,0.0,0.0,0.0,0.0006176334345565907,0.0,0.0,0.0,0.0,0.0,0.0,0.0,0.0,0.0,0.0,0.0,0.0,0.0,0.0,0.0
"X206709",0.0,9.138679460817912e-05,0.0,0.0002284669865204478,4.569339730408956e-05,0.0,0.2621887137308659,0.0,0.0,9.138679460817912e-05,0.0,0.0,0.0,4.569339730408956e-05,0.0,0.0,0.0,0.0,0.00018277358921635825,0.0,0.1334704135252456,0.0205620287868403,0.009367146447338359,0.006351382225268449,0.0,0.0,0.0006854009595613434,0.0,0.0,0.000731094356865433,0.0,0.5333333333333333,0.011606122915238748,0.0006397075622572539,0.0,0.0,0.0015992689056431345,0.0,0.0005026273703449851,9.138679460817912e-05,0.0,0.0,9.138679460817912e-05,0.0,0.0,0.0,0.0,0.0,0.0,0.0,0.0,0.0,0.0,0.0,0.014119259766963673,0.00013708019191226866,0.0,0.0,0.0,0.0,0.0,0.0,0.0,0.0,0.0,0.0,0.0,0.0,0.0,0.0,0.0,0.0,0.0,0.0,0.0,0.0,0.0,0.0,0.0,0.0,0.0,0.0,0.0,0.0,0.0,0.0,0.0,0.0,0.0,0.0,0.0,0.0,0.0,0.0,0.0,0.0,0.0,0.0,0.0,0.0,0.0,0.0,0.0,0.0,0.0,0.0,9.138679460817912e-05,0.0,0.0,0.0,0.0017820424948594928,0.0,0.0,0.0,0.001964816084075851,0.0,0.0,0.0,0.0,0.0,0.0,0.0,0.0,0.0,0.0,0.0,0.0,0.0,0.0,0.0,0.0,0.0,0.0,0.0,0.0,0.0,0.0,0.0,0.0,0.0,0.0,0.0,0.0
"X206746",0.0,0.0,0.0,4.1017227235438884e-05,0.00012305168170631667,0.0,0.2761279737489746,0.0,0.0,0.0,0.0,0.0,0.0,4.1017227235438884e-05,0.0,0.0,4.1017227235438884e-05,0.0,0.0,0.0,0.22904019688269073,0.0,0.014520098441345365,0.013412633305988516,0.0,0.0,0.0008613617719442166,0.0,0.0,0.0002871205906480722,0.0,0.41111566858080395,0.0015176374077112388,0.006029532403609516,0.0,0.0,0.0,0.0,0.001435602953240361,0.0005742411812961444,4.1017227235438884e-05,0.0,0.00012305168170631667,0.0,0.0,0.0,0.0,0.0,8.203445447087777e-05,0.0,0.0,0.0,0.00012305168170631667,0.0,0.007916324856439705,0.0004922067268252667,0.0,0.0,0.0,0.0,0.0,0.0,0.0,0.0,0.0,8.203445447087777e-05,0.0,0.0,0.0,0.0,0.0,0.0,0.0,0.0,0.0,0.0,0.0,0.0,0.0,0.0,0.0,0.0,0.0,0.0,0.0,0.0,0.00016406890894175554,0.0,0.0,4.1017227235438884e-05,0.0,0.0,0.0,0.0,0.0,0.0,0.0,0.0,0.0,0.0,0.0,0.0,0.0,0.0,0.0,0.0,8.203445447087777e-05,0.00012305168170631667,0.0,0.0,0.031214109926168992,0.0,0.0,0.0,0.0037735849056603774,0.0,0.0,0.0,0.0,0.0,0.0,0.0,0.0,0.0,0.0,0.0,0.00016406890894175554,0.00041017227235438887,0.0,0.0,0.0,0.0,0.0,0.0,0.0,0.0,0.0,0.0,0.0,0.0,0.0,0.0,0.0
"X206747",0.0,0.0,0.0,0.0,0.0,0.0,0.28750853959745654,0.0,5.255136896316149e-05,0.0,0.0,0.0,0.0,0.0,0.0,0.0,0.0,0.0,0.0,0.0,0.20778811288034052,0.0,0.008303116296179516,0.007146986178989963,0.0,0.0,0.0004204109517052919,0.0,0.0,0.00021020547585264595,0.0,0.4493667560039939,0.0012612328551158758,0.0022597088654159442,0.0,0.0,0.00010510273792632298,0.0,0.001996952020600137,0.0006831677965210993,0.00010510273792632298,0.0,5.255136896316149e-05,0.0,0.0,0.0,0.0,0.0,5.255136896316149e-05,0.0,0.0,0.0,0.00010510273792632298,0.0,0.00530768826527931,0.00036785958274213043,0.0,0.0,0.0,0.0,0.0,0.0,0.0,0.0,0.0,5.255136896316149e-05,0.0,0.0,0.0,0.0,0.0,0.0,0.0,0.0,0.0,0.0,0.0,0.0,0.0,0.0,0.0,0.0,0.0,0.0,0.0,0.0,0.0,0.0,0.0,0.0,0.0,0.0,0.0,0.0,0.0,0.0,0.0,0.0,0.0,0.0,0.0,0.0,0.0,0.0,0.0,0.0,5.255136896316149e-05,0.00010510273792632298,0.0,0.0,0.024488937936833256,0.0,0.0,0.0,0.001944400651636975,0.0,0.0,0.0,0.0,0.0,0.0,0.0,0.0,0.0,0.0,0.0,0.0,0.00026275684481580743,0.0,0.0,0.0,0.0,0.0,0.0,0.0,0.0,0.0,0.0,0.0,0.0,0.0,0.0,0.0
"X206720",0.0,0.0,0.0003288391976323578,0.00010961306587745259,3.653768862581753e-05,0.0,0.1636157696664109,0.0,0.0,0.0,0.0,0.0,0.0,3.653768862581753e-05,0.0,0.0,0.0,0.0,0.0,0.0,0.15678322189338303,0.039314552961379666,0.03463772881727502,0.0023749497606781393,0.0,0.0,0.0003653768862581753,0.0,0.0,0.0002923015090065402,0.0,0.46216522342796595,0.013299718659797581,0.0009499799042712558,7.307537725163506e-05,0.0,0.10314589499068288,0.0,0.0018999598085425117,0.0006942160838905331,0.0,0.0,3.653768862581753e-05,0.0,3.653768862581753e-05,0.0,0.0,0.0,0.0,0.0,0.0,0.0,0.00010961306587745259,0.0,0.008476743761189667,0.0,0.0,0.0,0.0,0.0,0.0,0.0,0.0,0.0,0.0,3.653768862581753e-05,0.0,0.0,0.0,0.0,0.0,0.0,0.0,0.0,0.0,0.0,0.0,0.0,0.0,0.0,0.0,0.0,0.0,0.0,0.0,0.0,0.0,0.0,0.0,3.653768862581753e-05,0.0,0.0,0.0,0.0,0.0,0.0,0.0,0.0,0.0,0.0,0.0,0.0,0.0,0.0,0.0,0.0,7.307537725163506e-05,0.0,0.0,0.0,0.0006576783952647156,0.0,0.0,0.0,0.008951733713325295,0.0,0.0,0.0,0.0,0.0,0.0,0.0,0.0,0.0,0.0,0.0,0.0,7.307537725163506e-05,0.0013884321677810662,0.0,0.0,0.0,0.0,0.0,0.0,0.0,0.0,0.0,0.0,0.0,0.0,0.0,0.0
"X206721",0.0,0.0,0.00021602004666033007,0.00012961202799619806,0.00017281603732826408,0.0,0.13419165298539704,0.0002592240559923961,0.0,0.0,0.0,0.0,0.0,0.0,4.320400933206602e-05,0.0,0.00012961202799619806,0.0,0.0,0.0,0.15091160459690658,0.050505486909185174,0.03957487254817247,0.0016849563639505746,0.0,0.0,0.0002592240559923961,0.0,0.0,0.00017281603732826408,0.0,0.4621100838157781,0.016719951611509548,0.0003888360839885941,4.320400933206602e-05,0.0,0.13013047610818285,0.0,0.0023330165039315647,0.00012961202799619806,0.0,0.0,8.640801866413204e-05,0.0,8.640801866413204e-05,0.0,0.0,0.0,0.0,0.0,0.0,0.0,0.0,0.0,0.007949537717100146,4.320400933206602e-05,0.0,0.0,0.0,0.0,0.0,0.0,0.0,0.0,0.0,0.0,0.0,0.0,0.0,0.0,0.0,0.0,0.0,0.0,0.0,0.0,0.0,0.0,0.0,0.0,0.0,0.0,0.0,0.0,0.0,0.0,0.0,0.0,0.0,0.0,0.0,0.0,0.0,0.0,0.0,0.0,0.0,0.0,0.0,0.0,0.0,0.0,0.0,0.0,0.0,0.0,0.00012961202799619806,0.0,0.0,0.0,8.640801866413204e-05,0.0,0.0,0.0,0.0014257323079581786,0.0,0.0,0.0,0.0,0.0,0.0,0.0,0.0,0.0,0.0,0.0,0.0,0.0,8.640801866413204e-05,0.0,0.0,0.0,0.0,0.0,0.0,0.0,0.0,0.0,0.0,0.0,0.0,0.0,0.0
"X206723",0.0,0.0,0.0,0.0,0.0,0.0,0.0,0.0,0.0,0.0,0.0,0.0,0.0,0.08641975308641975,0.0,0.0,0.0,0.0,0.0,0.0,0.037037037037037035,0.0,0.0,0.012345679012345678,0.0,0.0,0.0,0.0,0.0,0.0,0.0,0.037037037037037035,0.0,0.0,0.0,0.0,0.0,0.0,0.0,0.0,0.0,0.0,0.0,0.0,0.0,0.0,0.0,0.0,0.0,0.0,0.0,0.0,0.0,0.0,0.0,0.0,0.0,0.0,0.0,0.0,0.0,0.0,0.0,0.0,0.0,0.0,0.0,0.0,0.0,0.0,0.0,0.0,0.0,0.0,0.0,0.0,0.0,0.0,0.0,0.0,0.0,0.0,0.0,0.0,0.0,0.0,0.0,0.0,0.0,0.0,0.0,0.0,0.0,0.0,0.0,0.0,0.0,0.0,0.0,0.0,0.0,0.0,0.0,0.0,0.0,0.0,0.0,0.0,0.0,0.0,0.0,0.0,0.0,0.0,0.7283950617283951,0.0,0.0,0.0,0.0,0.0,0.0,0.0,0.0,0.0,0.0,0.0,0.0,0.0,0.09876543209876543,0.0,0.0,0.0,0.0,0.0,0.0,0.0,0.0,0.0,0.0,0.0,0.0,0.0,0.0
"X206724",0.0,0.0,0.0,0.0006494002597601039,0.00015280006112002446,0.0,0.03166781266712507,0.0,0.00038200015280006114,0.0,0.0,0.0,0.0,0.00019100007640003057,3.8200015280006115e-05,0.0,0.0,0.0,0.0,0.0,0.11964244785697914,0.008022003208801283,0.001031400412560165,0.0004966001986400795,0.0,7.640003056001223e-05,0.0004966001986400795,0.0,0.0,0.00019100007640003057,0.0,0.16410726564290626,0.00011460004584001834,0.0038964015585606234,0.00015280006112002446,0.0,7.640003056001223e-05,0.0,0.005386202154480862,0.0,0.0,0.0,0.00026740010696004276,0.0,0.0,0.0,0.00019100007640003057,0.0,0.0,0.0,0.0,0.0,0.0,0.0,0.00026740010696004276,0.00038200015280006114,0.0,0.0,0.0,0.0,0.0,0.0,0.0,0.0,0.0,0.0,0.0,0.0,0.0,0.0,0.0,0.0,0.0,0.0,0.0,0.0,0.0,0.0,0.0,0.0,0.0,0.0,0.0,0.0,0.0,0.0,0.0,0.0,0.0,0.0,0.0,0.0,0.0,0.0,0.0,0.0,0.0,0.0,0.0,0.0,0.0,0.0,0.0,0.0,0.0,0.0,0.00015280006112002446,0.00019100007640003057,0.0,0.0,0.002406600962640385,0.0,0.0,0.0,0.5293376117350447,0.0,0.0,0.0,0.0,0.0,0.0,0.0,0.0,0.0,0.0,0.0,0.0,0.0006494002597601039,0.1293834517533807,0.0,0.0,0.0,0.0,0.0,0.0,0.0,0.0,0.0,0.0,0.0,0.0,0.0,0.0
"X206728",0.0,0.00011001503538816971,0.0015768821738970993,0.0001833583923136162,0.0004767318200154021,0.0,0.46283325387803,0.0,7.334335692544648e-05,0.0,0.0,0.0,0.0,0.0008434486046426345,3.667167846272324e-05,0.0,0.0,0.0,0.0001833583923136162,0.0001833583923136162,0.18060801642891194,0.03296783893798819,0.005757453518647549,0.0065642304448274595,0.0,0.0,3.667167846272324e-05,0.0,3.667167846272324e-05,0.0004767318200154021,0.0,0.24294986981554145,0.0032637793831823683,0.0010268069969562507,0.0028237192416296895,0.0,0.003483809453958708,0.0,0.02853056584399868,0.00022003007077633943,0.0,0.0,0.0,0.0,0.0,0.0,0.0,0.0,0.0,0.0,0.0,0.0,0.00022003007077633943,0.0,0.008251127654112728,0.0,0.0,0.0,0.0,0.0,0.0,0.0,0.0,0.0,0.0,0.0,0.0,0.0,0.0,0.0,0.0,0.0,0.0,0.0,3.667167846272324e-05,0.0,0.0,0.0,0.0,0.0,0.0,0.0,0.0,0.0,0.0,0.0,0.0,0.0,0.0,0.0,0.0,0.0,0.0,0.0,0.0,0.0,0.0,0.0,0.0,0.0,0.0,0.0,0.0,0.0,0.0,0.0,3.667167846272324e-05,0.00011001503538816971,0.0,0.0,0.002090285672375225,0.0,0.0,0.0,0.013898566137372108,0.0,0.0,0.0,0.0,0.0,0.0,0.0,0.0,0.0,0.0,0.0,0.0,7.334335692544648e-05,0.0,0.0,3.667167846272324e-05,0.0,0.0,0.0,0.0,0.0,0.0,0.0,0.0,0.0,0.0,0.0,0.0
"X206727",0.0,3.809959233436202e-05,0.0018668800243837392,7.619918466872404e-05,0.0006095934773497924,0.0,0.401074408503829,0.0,0.0,0.0,0.0,0.0,0.0,3.809959233436202e-05,0.0,0.0,0.0,0.0,0.0001523983693374481,3.809959233436202e-05,0.1450832476092506,0.06682668495447099,0.003543262087095668,0.0067055282508477155,0.0,0.0,3.809959233436202e-05,0.0,0.0,0.00026669714634053413,0.0,0.2817083857202728,0.0033527641254238578,0.0004190955156779822,0.001790680839715015,0.0,0.005143444965138873,0.0,0.024040842762982437,0.00011429877700308607,0.0,0.0,3.809959233436202e-05,0.0,0.0,0.0,0.0,0.0,3.809959233436202e-05,0.0,0.0,0.0,0.0006476930696841544,0.0,0.009067702975578162,0.0,0.0,0.0,0.0,0.0,0.0,0.0,0.0,0.0,0.0,0.0,0.0,0.0,0.0,0.0,0.0,0.0,0.0,0.0,0.0,0.0,0.0,0.0,0.0,0.0,0.0,0.0,0.0,0.0,0.0,0.0,0.0,0.0,0.0,0.0,0.0,0.0,0.0,0.0,0.0,0.0,0.0,0.0,0.0,0.0,0.0,0.0,0.0,0.0,0.0,0.0,7.619918466872404e-05,0.0,0.0,0.0,0.0012191869546995847,0.0,0.0,0.0,0.045986207947574964,0.0,0.0,0.0,0.0,0.0,0.0,0.0,0.0,0.0,0.0,0.0,0.0,0.0,0.0,0.0,0.0,0.0,0.0,0.0,0.0,0.0,0.0,0.0,0.0,0.0,0.0,0.0,0.0
"X206734",0.0,0.0,0.0,0.0,0.00012586136370787578,0.0,0.09779427960101948,0.0,0.0,0.0,0.0,0.0,0.0,3.1465340926968945e-05,0.0,0.0,0.0,0.0,0.0,0.0,0.10622699096944715,0.02375633239986155,0.002643088637865391,0.0006293068185393789,0.0,0.0,6.293068185393789e-05,0.0,0.0,0.0008495642050281615,0.0,0.6800918787955067,0.0,9.439602278090684e-05,0.0,0.0,0.0009124948868820994,0.0,0.008432711368427676,3.1465340926968945e-05,0.0,0.0,0.0,0.0,0.0,0.0,0.0,0.0,0.0,0.0,0.0,0.0,0.0,0.0,0.0,0.0015418017054214782,0.0,0.0,0.0,0.0,0.0,0.0,0.0,0.0,0.0,0.0,0.0,0.0,0.0,0.0,0.0,0.0,0.0,0.0,0.0,0.0,0.0,0.0,0.0,0.0,0.0,0.0,0.0,0.0,0.0,0.0,0.0,0.0,0.0,0.0,0.0,0.0,0.0,0.0,0.0,0.0,0.0,0.0,0.0,0.0,0.0,0.0,0.0,0.0,0.0,0.0,0.0,0.0,0.0,0.0,3.1465340926968945e-05,0.0,0.0,0.0,0.07671250117995028,0.0,0.0,0.0,0.0,0.0,0.0,0.0,0.0,0.0,0.0,0.0,0.0,0.0,3.1465340926968945e-05,0.0,0.0,0.0,0.0,0.0,0.0,0.0,0.0,0.0,0.0,0.0,0.0,0.0,0.0
"X206733",0.0,0.0,0.0,0.0,6.66266906522753e-05,0.0,0.11559730828169765,0.0,0.0,0.0,0.0,0.0,0.0,3.331334532613765e-05,0.0,0.0,0.0,0.0,0.0,0.0,0.10936771270570991,0.010560330468385636,0.002565127590112599,0.0004997001798920647,0.0,0.0,0.0,0.0,0.0,0.0008994603238057165,0.0,0.7113398627490173,6.66266906522753e-05,0.00023319341728296356,0.0,0.0,0.0010327137051102673,0.0,0.004897061762942235,0.0,0.0,0.0,0.0,0.0,0.0,0.0,0.0,0.0,0.0,0.0,0.0,0.0,3.331334532613765e-05,0.0,0.0,0.0018655473382637084,0.0,0.0,0.0,0.0,0.0,0.0,0.0,0.0,0.0,0.0,0.0,0.0,0.0,0.0,0.0,0.0,0.0,0.0,0.0,0.0,0.0,0.0,0.0,0.0,0.0,0.0,0.0,0.0,0.0,0.0,0.0,0.0,0.0,0.0,0.0,0.0,0.0,0.0,0.0,0.0,0.0,0.0,0.0,0.0,0.0,0.0,0.0,0.0,0.0,0.0,6.66266906522753e-05,0.0,0.0,0.0,0.0,0.0,0.0,0.0,0.04077553467919248,0.0,0.0,0.0,0.0,0.0,0.0,0.0,0.0,0.0,0.0,0.0,3.331334532613765e-05,6.66266906522753e-05,0.0,0.0,0.0,0.0,0.0,0.0,0.0,0.0,0.0,0.0,0.0,0.0,0.0,0.0,0.0
"X206750",7.163836951070993e-05,0.0,0.001182033096926714,0.24314062611934953,0.001074575542660649,0.0001074575542660649,0.18267784225231035,0.0003581918475535497,0.00014327673902141987,3.581918475535497e-05,0.0,0.0,0.0,0.00014327673902141987,0.0,3.581918475535497e-05,0.0,0.0,0.0003940110323089047,0.0,0.21068844473099793,0.00014327673902141987,0.01787377319292213,0.003331184182248012,0.0004656494018196146,0.0,0.0005014685865749695,0.0,0.0,0.0003581918475535497,0.0,0.22734436564223798,0.0454187262697901,0.003367003367003367,3.581918475535497e-05,0.0,0.011211404828426105,0.0,3.581918475535497e-05,3.581918475535497e-05,0.0001074575542660649,0.0,0.0003940110323089047,0.0,0.0,0.0,0.0,0.0,0.0002149151085321298,0.0,0.0,3.581918475535497e-05,0.0004298302170642596,0.0,0.016226090694175802,0.0,0.0,0.0,0.0,3.581918475535497e-05,0.0,0.0,3.581918475535497e-05,0.0,0.0,0.010423382763808296,0.0,0.0,0.0,0.0,0.0,0.0,0.0,0.0,0.0,0.0,0.0,0.0,0.0,0.0,0.0,0.0,0.0,0.0,0.0,0.0,0.0,0.0,0.0,0.0,0.0,0.0,0.0,0.0,0.0,0.0,0.0,0.0,0.0,0.0,0.0,0.0,0.0001074575542660649,0.0,7.163836951070993e-05,0.0,0.00017909592377677485,0.0,0.0,0.0,0.004190844616376531,0.0,0.0,0.0,0.014936600042983021,0.0,0.0,0.0,0.0,0.0,0.0,0.0,0.0,0.0,0.0,0.0,0.0001074575542660649,0.002328247009098073,0.0,0.0,0.0,0.0,0.0,0.0,0.0,0.0,0.0,0.0,0.0,0.0,0.0,0.0,0.0
"X206751",0.0,0.0,0.0015733165512901196,0.20689112649465072,0.0017306482064191316,0.0,0.17931875393329139,0.0,3.933291378225299e-05,0.0,0.0,0.0,0.0,0.00011799874134675897,0.0,0.0,0.0,0.0,0.0,3.933291378225299e-05,0.28150566393958465,3.933291378225299e-05,0.010698552548772814,0.006529263687853996,0.0005506607929515419,0.0,3.933291378225299e-05,0.0,0.0,0.00015733165512901197,0.0,0.21094241661422278,0.042754877281309,0.00031466331025802394,0.0,0.0,0.01526117054751416,0.0,0.0,0.0,0.0,0.0,3.933291378225299e-05,0.0,0.0,0.0,0.0,0.0,0.0,0.0,0.0,0.0,0.0,0.0,0.016991818753933293,0.0,0.0,0.0,0.0,0.0,0.0,0.0,3.933291378225299e-05,0.0,0.0,0.011091881686595343,0.0,0.0,0.0,0.0,0.0,0.0,0.0,0.0,0.0,0.0,0.0,0.0,0.0,0.0,0.0,0.0,0.00015733165512901197,0.0,0.0,0.0,0.0,0.0,0.0,0.0,0.0,0.0,0.0,0.0,0.0,0.0,0.0,0.0,0.0,0.0,0.0,0.0,0.0,0.0,0.0,0.0,7.866582756450598e-05,3.933291378225299e-05,0.0,0.0,0.0022813089993706736,0.0,0.0,0.0,0.01065921963499056,0.0,0.0,0.0,0.0,0.0,0.0,0.0,0.0,0.0,0.0,0.0,0.00011799874134675897,0.0,0.0,0.0,0.0,0.0,0.0,0.0,0.0,0.0,0.0,0.0,0.0,0.0,0.0,0.0,0.0
"X206756",0.0,0.0,0.0002979484123606027,0.0,4.256405890865753e-05,0.0,0.10283476632331659,0.0,8.512811781731506e-05,0.0,0.0,0.0,0.0,4.256405890865753e-05,0.0,0.0,0.0,0.0,0.0,8.512811781731506e-05,0.23388950370307313,0.08810760194092108,0.0034051247126926022,0.005703583893760109,0.0,0.0,8.512811781731506e-05,0.0,0.0,0.00025538435345194517,0.0,0.4711415680599302,0.024048693283391504,0.0017876904741636163,0.005490763599216821,0.0,0.010555886609347068,0.0,0.00021282029454328764,0.00012769217672597258,4.256405890865753e-05,0.0,0.0,0.0,0.0,0.0,0.0,0.0,0.0,0.0,0.0,0.0,4.256405890865753e-05,0.0,0.020728696688516218,0.0,0.0,0.0,0.0,0.0,0.0,0.0,0.0,0.0,0.0,0.012598961436962628,0.0,0.0,0.0,0.0,0.0,0.0,0.0,0.0,0.0,0.0,0.0,0.0,0.0,0.0,0.0,0.0,0.0,8.512811781731506e-05,0.0,0.0,0.0,8.512811781731506e-05,0.0,0.0,0.0,0.0,0.0,0.0,0.0,0.0,0.0,0.0,0.0,0.0,0.0,0.0,0.0,0.0,0.0,0.0,8.512811781731506e-05,0.0,0.0,0.0,0.003107176300332,0.0,0.0,0.0,0.004298969949774411,0.0,0.0,0.0,0.0,0.0,0.0,0.0,0.0,0.0,0.0,0.0,0.010683578786073039,0.0,0.0,0.0,0.0,0.0,0.0,0.0,0.0,0.0,0.0,0.0,0.0,0.0,4.256405890865753e-05,0.0,0.0
"X206755",0.0,0.0,0.00024244383384515922,0.00012122191692257961,0.00016162922256343946,0.0,0.13241474058509778,0.0,4.0407305640859865e-05,0.0,0.0,0.0,0.0,0.0,0.0,0.0,0.0,0.0,0.0,0.00016162922256343946,0.34128010344270243,0.05394375303054792,0.0027072894779376112,0.005091320510748344,0.0,0.0,8.081461128171973e-05,0.0,0.0,0.0003232584451268789,0.0,0.38091967027638596,0.01814288023274608,0.002101179893324713,0.005293357038952643,0.0,0.00917245838047519,0.0,0.00016162922256343946,0.00016162922256343946,0.0,0.0,4.0407305640859865e-05,0.0,0.0,0.0,0.0,0.0,0.0,0.0,0.0,0.0,0.0,0.0,0.014102149668660094,0.00016162922256343946,0.0,0.0,0.0,0.0,0.0,0.0,0.0,0.0,0.0,0.018870211734281557,0.0,0.0,0.0,0.0,0.0,0.0,0.0,0.0,0.0,0.0,0.0,0.0,0.0,0.0,0.0,0.0,0.0,0.0,0.0,0.0,0.0,0.0,0.0,0.0,0.0,0.0,0.0,0.0,0.0,0.0,0.0,0.0,0.0,0.0,0.0,0.0,0.0,0.0,0.0,0.0,8.081461128171973e-05,0.0,0.0,0.0,0.0031921771456279295,0.0,0.0,0.0,0.0016566995312752547,0.0,0.0,0.0,0.0,0.0,0.0,0.0,0.0,0.0,4.0407305640859865e-05,0.0,0.00929368029739777,4.0407305640859865e-05,0.0,0.0,0.0,0.0,0.0,0.0,0.0,0.0,0.0,0.0,0.0,0.0,0.0,0.0,0.0
"X206767",0.0,0.00017207261464337952,0.0,0.0,0.0,0.0,0.114256216123204,0.0,8.603630732168976e-05,0.0,0.0,0.0,0.0,8.603630732168976e-05,0.0,0.0,0.0011184719951819668,0.0,8.603630732168976e-05,0.0,0.18282715305859074,0.0,0.015916716854512604,0.004387851673406177,0.0,0.0,0.00017207261464337952,0.0,0.0,8.603630732168976e-05,0.0,0.5162178439301385,0.0019788350683988642,0.0039576701367977285,0.0014626172244687258,0.0,0.0,0.0,0.029596489718661276,0.0009463993805385873,0.0,0.0,8.603630732168976e-05,0.0,0.0,0.0,0.0,0.0,0.0,0.0,0.0,0.0,0.0,0.0,0.004215779058762798,0.009033812268777424,0.0,0.0,0.0,0.0,0.0,0.0,0.0,0.0,0.0,0.003011270756259141,0.0,0.0,0.0,0.0,0.0,0.0,0.0,0.0,0.0,0.0,0.0,0.0,0.0,0.0,0.00034414522928675903,0.0,0.0,0.0,0.0,0.0,0.0,0.0,0.0,0.0,0.0,0.0,0.0,0.0,0.0,0.0,0.0,0.0,0.0,0.0,0.0,0.0,0.0,0.0,0.0,0.0,0.00034414522928675903,0.0,0.0,0.0,0.009636066420029253,0.0,0.0,0.0,0.0999741891078035,0.0,0.0,0.0,0.0,0.0,0.0,0.0,0.0,0.0,0.0,0.0,0.0,0.0,0.0,0.0,0.0,0.0,0.0,0.0,0.0,0.0,0.0,0.0,0.0,0.0,0.0,0.0,0.0
"X206766",0.0,0.0,4.1839253587715995e-05,0.0,0.000125517760763148,0.0,0.15342454290615457,0.000125517760763148,8.367850717543199e-05,0.0,0.0,0.0,0.0,8.367850717543199e-05,0.0,0.0,0.0,0.0,0.0,0.0,0.21982343834985985,0.0006694280574034559,0.017488807999665287,0.0021338019329735156,0.0,0.0,0.0,0.0,0.0,8.367850717543199e-05,0.0,0.5475503117024392,0.0012970168612191958,0.0011714991004560479,0.0015898916363332079,0.0,0.00020919626793857997,0.0,0.01556420233463035,0.0007531065645788879,0.0,0.0,0.0,0.0,0.0,0.0,0.0,0.0,0.0,0.0,0.0,0.0,0.0,0.0,0.0029287477511401195,0.0038910505836575876,0.0,0.0,0.0,0.0,8.367850717543199e-05,0.0,0.0,0.0,0.0,0.004769674908999624,0.0,0.0,0.0,0.0,0.0,0.0,0.0,0.0,0.0,0.0,0.0,0.0,0.0,0.0,0.0,0.0,0.0,0.0,0.0,0.0,0.0,0.0,0.0,0.0,0.0,0.0,0.0,0.0,0.0,0.0,0.0,0.0,0.0,0.0,0.0,0.0,0.0,0.0,0.0,0.0,0.000125517760763148,0.0,0.0,0.0,0.005188067444876783,0.0,0.0,0.0,0.020710430525919418,0.0,0.0,0.0,0.0,0.0,0.0,0.0,0.0,0.0,0.0,0.0,0.0,0.0,0.0,0.0,0.0,0.0,0.0,0.0,0.0,0.0,0.0,8.367850717543199e-05,0.0,0.0,0.0,0.0,0.0
"X206769",0.0,0.0,0.0,0.0,0.0,0.0,0.007380073800738007,0.0,0.007380073800738007,0.0,0.0,0.0,0.0,0.08302583025830258,0.0,0.0,0.005535055350553505,0.0,0.0,0.0,0.007380073800738007,0.0,0.02029520295202952,0.0,0.0,0.0,0.03874538745387454,0.0,0.0,0.0,0.0,0.01107011070110701,0.0,0.06088560885608856,0.0,0.0,0.0036900369003690036,0.0,0.0,0.0,0.0,0.0,0.04797047970479705,0.0,0.0,0.0,0.0,0.0,0.0,0.0,0.0,0.0,0.0,0.0,0.0,0.0,0.0,0.0,0.0,0.0,0.0,0.0,0.0,0.0,0.0,0.0,0.0,0.0,0.0,0.0,0.00922509225092251,0.0,0.0,0.0,0.0,0.0,0.0,0.0,0.0,0.0,0.0,0.0,0.0,0.0,0.0,0.0,0.0,0.0,0.0,0.0,0.0,0.0,0.0,0.0,0.0,0.0,0.0,0.0,0.0,0.0,0.0,0.0,0.0,0.0,0.0,0.0,0.007380073800738007,0.0,0.0,0.0,0.6328413284132841,0.0,0.0,0.0,0.02952029520295203,0.0,0.0,0.0,0.0,0.0,0.0,0.0,0.0,0.0,0.0018450184501845018,0.0,0.0,0.023985239852398525,0.0018450184501845018,0.0,0.0,0.0,0.0,0.0,0.0,0.0,0.0,0.0,0.0,0.0,0.0,0.0,0.0
"X206768",0.0,0.004470272686633884,0.0,0.0013410818059901655,0.0,0.0004470272686633885,0.012516763522574878,0.000894054537326777,0.0116227089852481,0.0,0.0,0.0,0.0,0.0013410818059901655,0.006258381761287439,0.0,0.0,0.0,0.0049172999552972736,0.0,0.006258381761287439,0.0004470272686633885,0.0031291908806437194,0.0013410818059901655,0.0,0.0,0.03352704514975414,0.0,0.0,0.0,0.0,0.009387572641931158,0.0,0.16450603486812695,0.0,0.0,0.0,0.0,0.0116227089852481,0.0,0.0,0.0,0.02011622708985248,0.0,0.0,0.0,0.0,0.0,0.0,0.0,0.0,0.0,0.004470272686633884,0.0,0.0,0.003576218149307108,0.0,0.0,0.0,0.0,0.0,0.001788109074653554,0.0,0.0,0.0,0.0,0.0,0.004023245417970496,0.0,0.0,0.0,0.004470272686633884,0.0,0.0,0.0004470272686633885,0.0,0.0,0.0,0.0,0.0,0.0,0.0,0.001788109074653554,0.0,0.0,0.0,0.0,0.0,0.0,0.001788109074653554,0.0,0.0,0.0,0.0049172999552972736,0.0,0.0,0.0,0.0,0.0,0.001788109074653554,0.0,0.003576218149307108,0.0,0.0,0.0,0.0013410818059901655,0.0013410818059901655,0.0,0.0,0.0,0.6079570853822083,0.0,0.0,0.0,0.008493518104604381,0.0013410818059901655,0.0,0.001788109074653554,0.0,0.012069736253911488,0.004470272686633884,0.0,0.0,0.0,0.010728654447921324,0.0,0.0,0.007599463567277604,0.0004470272686633885,0.0,0.0,0.0,0.0,0.0,0.009834599910594547,0.0,0.0,0.0,0.0,0.0,0.0,0.00581135449262405,0.0
"X224327",0.0,0.0,0.0,0.000174140182847192,0.0,0.0,0.23360905528950807,0.0,0.0,0.0,0.0,0.0,0.0,0.0,0.0,0.0,0.0,0.0,0.0,0.0,0.10282977797126687,0.035568132346538966,0.0014366565084893339,0.013931214627775359,0.0,0.0,0.0,0.0,0.0,8.7070091423596e-05,0.0,0.45054418807139746,0.006312581628210709,0.000174140182847192,4.3535045711798e-05,0.0,4.3535045711798e-05,0.0,0.0,0.010317805833696125,0.0,0.0,0.0,0.0,0.0,0.0,0.0,0.0,8.7070091423596e-05,0.0,0.0,0.0,8.7070091423596e-05,0.0,0.001393121462777536,0.0,0.0,0.0,0.0,0.0,0.0,0.0,0.0,0.0,0.0,8.7070091423596e-05,0.0,0.0,0.0,0.0,0.0,0.0,0.0,0.0,0.0,0.0,0.0,0.0,0.0,0.0,0.0,0.0,0.0,0.0,0.0,0.0,0.0,0.0,0.0,0.0,0.0,0.0,0.0,0.0,0.0,0.0,0.0,0.0,0.0,0.0,0.0,0.0,0.0,0.0,0.0,0.0,8.7070091423596e-05,0.0,0.0,0.0,0.009490639965171964,0.0,0.0,0.0,0.11497605572485851,0.0,0.0,0.0,0.0,0.0,0.0,0.0,0.0,0.0,0.0,0.0,0.000130605137135394,4.3535045711798e-05,0.018545929473225947,0.0,0.0,0.0,0.0,0.0,0.0,0.0,0.0,0.0,0.0,0.0,0.0,0.0,0.0
"X224328",0.0,3.8221916446890644e-05,0.0,0.0,7.644383289378129e-05,0.0,0.1997859572678974,0.0,3.8221916446890644e-05,0.0,0.0,0.0,0.0,0.0,0.0,0.0,0.0,0.0,0.0,0.0,0.10702136605129381,0.03367350838971066,0.00236975881970722,0.00886748461567863,0.0,0.0,0.0,0.0,0.0,0.0,0.0,0.476741963842067,0.006459503879524519,0.0004968849138095784,0.00015288766578756258,0.0,3.8221916446890644e-05,0.0,0.00015288766578756258,0.008714596949891068,0.0,0.0,0.0,0.0,0.0,0.0,0.0,0.0,0.0,0.0,0.0,0.0,0.0,0.0,0.003478194396667049,0.0,0.0,0.0,0.0,0.0,0.0,0.0,0.0,0.0,0.0,0.00022933149868134388,0.0,0.0,0.0,0.0,0.0,0.0,0.0,0.0,0.0,0.0,0.0,0.0,0.0,0.0,0.0,0.0,0.0,0.0,0.0,0.0,0.0,0.0,0.0,3.8221916446890644e-05,0.0,0.0,0.0,0.0,0.0,0.0,0.0,0.0,0.0,0.0,0.0,0.0,0.0,0.0,0.0,0.0,3.8221916446890644e-05,0.0,0.0,0.0,0.026870007262164125,0.0,0.0,0.0,0.09008905706532125,0.0,0.0,0.0,0.0,0.0,0.0,0.0,0.0,0.0,0.0,0.0,0.0,0.0,0.03462905630088293,0.0,0.0,0.0,0.0,0.0,0.0,0.0,0.0,0.0,0.0,0.0,0.0,0.0,0.0
"X206536",0.0,0.0,0.0,0.00120598166907863,0.0012662807525325615,0.0,0.06608779546550893,0.0,6.02990834539315e-05,0.0,0.0,0.0,0.0,0.000241196333815726,0.0,0.0,0.0003014954172696575,0.0,0.0,0.000120598166907863,0.08966473709599614,0.133803666184274,0.013084901109503135,0.005065123010130246,0.0,0.0,0.000602990834539315,0.0003014954172696575,0.0,0.001326579835986493,0.0,0.44006271104679207,0.03491316931982634,0.0028340569223347803,0.020682585624698505,0.0,0.0074167872648335745,0.0,0.04202846116739026,0.004220935841775205,0.0,0.0,0.000361794500723589,0.0,0.0,0.0,0.0,0.0,0.0,0.0,0.0001808972503617945,0.0,0.0,0.0,0.003376748673420164,0.0027134587554269174,0.0,0.0,0.0,0.0,0.0,0.0,0.0,0.0,0.0,0.0,0.0,0.0,0.0,0.0,0.0,0.0,0.0,0.0,0.0,0.0,0.0,0.0,0.0,0.0,0.0,0.0,0.0,0.0,0.0,0.0,0.0,0.0,0.0,0.0,0.0,0.0,0.0,0.0,0.0,0.0,0.0,0.0,0.0,0.0,0.0,0.0,0.0,0.0,0.0,0.0,0.0,0.0001808972503617945,0.0,0.0,0.01917510853835022,0.0,0.0,0.0,0.10769416304872166,0.0,0.0,0.0,0.0,0.0,0.0,0.0,0.0,0.0,0.0,0.0,0.0,0.0010250844187168354,0.0,0.0,0.0,0.0,0.0,0.0,0.0,0.0,0.0,0.0,0.0,0.0,0.0,0.0,0.0
"X206538",0.0,0.0,0.0,0.0,0.0,0.0,0.05049931911030413,0.0,0.00011348161597821153,0.0,0.0,0.0,0.0,0.0,0.0,0.0,0.0,0.0,0.0,0.0,0.12448933272809805,0.1288016341352701,0.028597367226509306,0.006014525646845211,0.0,0.0,0.00442578302315025,0.002610077167498865,0.0,0.0013617793917385383,0.0,0.3899228325011348,0.04471175669541534,0.008738084430322288,0.004652746255106673,0.0,0.007149341806627327,0.0,0.037448933272809806,0.001702224239673173,0.0,0.0,0.0011348161597821154,0.0,0.0,0.0,0.0,0.0,0.0,0.0,0.0,0.0,0.0,0.0,0.007943713118474808,0.0,0.0,0.0,0.0,0.0,0.0,0.00022696323195642307,0.0,0.0,0.0,0.0,0.0,0.0,0.0,0.0,0.0,0.0,0.0,0.0,0.0,0.0,0.0,0.0,0.0,0.0,0.0,0.0,0.0,0.0,0.0,0.0,0.0,0.0,0.0,0.0,0.0,0.0,0.0,0.0,0.0,0.0,0.0,0.0,0.0,0.0014752610077167498,0.0,0.0,0.0,0.0,0.0,0.0,0.00011348161597821153,0.0,0.0,0.0,0.025192918747162958,0.0,0.0,0.0,0.12119836586472992,0.0,0.0,0.0,0.0,0.0,0.0,0.0,0.0,0.0,0.0,0.0,0.0,0.0014752610077167498,0.0,0.0,0.0,0.0,0.0,0.0,0.0,0.0,0.0,0.0,0.0,0.0,0.0,0.0,0.0
"X206534",0.0,5.1778594728939054e-05,5.1778594728939054e-05,0.0008284575156630249,0.0003624501631025734,0.0,0.05933826955936416,0.0007249003262051468,0.0002588929736446953,0.0,0.0,0.0,0.0,0.00015533578418681717,0.0002588929736446953,0.0,0.0,0.0,0.0,0.0,0.11199710039869518,0.13198363796406565,0.013048205871692642,0.007249003262051468,0.0,0.0,0.0015015792471392325,0.0005177859472893906,0.0,0.00274426552063377,0.0,0.42971055765546523,0.03955884637290944,0.009579040024853725,0.013410656034795215,0.0,0.004245844767773003,0.0,0.023766374980583028,0.006627660125304199,0.0,0.0,0.00020711437891575622,0.0,0.0,0.0,0.0005695645420183296,0.0,0.0,0.0,0.0,0.0,0.0010355718945787812,0.0,0.004815409309791332,0.002951379899549526,0.0,0.0,0.0,0.0,0.0,0.0,0.0,0.0,0.0,0.00010355718945787811,0.0,0.0,0.0,0.0,0.0,0.0,0.0,0.0,0.0,0.0,0.0,0.0,0.0,0.0,0.0,0.0,0.0,0.0,0.0,0.00046600735256045154,0.0,0.0,0.0,0.0,0.0,0.0,0.0,0.0,0.0,0.0,0.0,0.0,0.0,0.0,0.0,0.0,0.0,0.0,0.0,0.0,0.0,0.00020711437891575622,0.0,0.0,0.02578574017501165,0.0,0.0,0.0,0.10428208978408327,0.0,0.0,0.0,0.0,0.0,0.0,0.0,0.0,0.0,0.0,0.0,0.00015533578418681717,0.0014498006524102935,0.0,0.0,0.0,0.0,0.0,0.0,0.0,0.0,0.0,0.0,0.0,0.0,0.0,0.0,0.0
"X215050",0.0,0.0,0.0005098572399728076,0.0005523453433038749,0.0006373215499660095,0.0,0.26729265805574437,0.0002549286199864038,0.0,0.0,0.0,0.0,0.0,0.0,0.0,0.0,0.0,0.0,0.0,0.0,0.11858429639700883,0.03845173351461591,0.01856730115567641,0.007010537049626104,0.0,0.0,0.0008072739632902788,0.0,0.0,0.007138001359619306,0.0,0.35634772263766146,0.005735893949694085,0.02043677770224337,0.04257307953772944,0.0,0.014913324269204623,0.0,0.0,0.04847892590074779,4.24881033310673e-05,0.0,0.0001274643099932019,0.0,0.0,0.0,0.0,0.0,0.0,0.0,0.0,0.0,0.0,0.0,0.006203263086335826,0.0,0.0,0.0,0.0,0.0,0.0,0.0,0.0,0.0,0.0,0.0,0.0,0.0,0.0,0.0,0.0,0.0,0.0,0.0,0.0,0.0,0.0,0.0,0.0,0.0,0.0,0.0,0.0,0.0,0.0,0.0,0.0,0.0,0.0,0.0,0.0,0.0,0.0,0.0,0.0,0.0,0.0,0.0,0.0,0.0,0.0,0.0,0.0,0.0,0.0,0.0,4.24881033310673e-05,0.0003399048266485384,0.0,0.0,0.0007647858599592114,0.0,0.0,0.0,0.04227566281441197,0.0,0.0,0.0,0.0,0.0,0.0,0.0,0.0,0.0,0.0,0.0,0.0,0.0017420122365737593,0.0001699524133242692,0.0,0.0,0.0,0.0,0.0,0.0,0.0,0.0,0.0,0.0,0.0,0.0,0.0,0.0
"X215023",0.0,0.0,0.0,0.00013380611493945274,0.0,0.0,0.28196293570616177,0.0,6.690305746972637e-05,0.0,0.0,0.0,0.0,6.690305746972637e-05,0.0,0.0,0.0,0.0,0.0,0.0,0.006188532815949689,0.1566535090653643,0.01565531544791597,3.3451528734863186e-05,0.0,0.0,0.028433799424633706,0.0,0.0,0.00030106375861376866,0.0,0.4067705894159363,0.0011373519769853483,0.0030440891148725497,0.006824111861912089,0.0,0.0008697397471064428,0.0,0.0002676122298789055,0.0008697397471064428,0.0,0.0,0.000367966816083495,0.0,0.0,0.0,0.0,0.0,0.0,0.0,0.0,0.0,0.0,0.0,0.0035124105171606343,0.0,0.0,0.0,0.0,0.0,0.0,0.0,0.0,0.0,0.0,0.0,0.0,0.0,0.0,0.0,0.0,0.0,0.0,0.0,0.0,0.0,0.0,0.0,0.0,0.0,0.0,0.0,0.0,0.0,0.0,0.0,0.0,0.0,0.0,0.0,0.0,0.0,0.0,0.0,0.0,0.0,0.0,0.0,0.0,0.0,0.0,0.0,0.0,0.0,0.0,0.0,0.00010035458620458954,0.0,0.0,0.0,0.0,0.0,0.0,0.0,0.08623804107847728,0.0,0.0,0.0,0.0,0.0,0.0,0.0,0.0,0.0,0.0,0.0,0.0,0.0,0.0005017729310229478,0.0,0.0,0.0,0.0,0.0,0.0,0.0,0.0,0.0,0.0,0.0,0.0,0.0,0.0
"X206548",0.0,0.0006963788300835655,0.0,0.008588672237697307,0.0,0.0,0.06104921077065924,0.001160631383472609,0.001160631383472609,0.0,0.0,0.0,0.0,0.0,0.0,0.0,0.0,0.0,0.0,0.0,0.34702878365831014,0.0,0.028783658310120707,0.019730733519034354,0.0,0.0,0.006963788300835654,0.0,0.0,0.0,0.0,0.002321262766945218,0.001392757660167131,0.011838440111420613,0.006731662024141133,0.0,0.00046425255338904364,0.0,0.011142061281337047,0.0,0.0,0.0,0.0,0.00046425255338904364,0.0,0.0,0.0,0.0,0.0,0.0,0.0,0.0,0.0,0.0,0.0,0.0,0.0,0.0,0.0,0.00023212627669452182,0.0,0.0,0.0,0.0,0.0,0.0,0.0,0.0,0.0,0.0,0.0,0.0,0.0,0.0,0.00023212627669452182,0.0,0.0,0.0,0.0,0.0,0.0,0.0,0.0,0.0,0.0,0.0,0.0,0.0,0.0,0.0,0.0,0.0,0.0,0.0,0.0,0.0,0.0,0.0,0.0,0.0,0.0,0.0,0.0,0.0,0.0,0.0,0.003481894150417827,0.002321262766945218,0.0,0.0,0.11559888579387187,0.0006963788300835655,0.0,0.0,0.3414577530176416,0.0,0.0,0.0,0.0,0.0,0.0,0.0,0.0,0.0,0.0,0.0,0.0,0.0,0.026462395543175487,0.0,0.0,0.0,0.0,0.0,0.0,0.0,0.0,0.0,0.0,0.0,0.0,0.0,0.0
"X206547",0.0,0.0002615062761506276,0.0,0.008106694560669456,0.0,0.0,0.08865062761506276,0.0007845188284518828,8.716875871687587e-05,0.0,0.0,0.0,0.0,0.00043584379358437936,0.0,0.0,0.0,0.0,0.0,0.014644351464435146,0.2976813110181311,0.0,0.043235704323570434,0.011680613668061366,0.0,0.0,0.004794281729428173,0.0,0.0,0.00017433751743375174,0.0,0.0003486750348675035,0.0010460251046025104,0.038179916317991634,0.010111576011157601,0.0,0.0,0.0,0.004968619246861925,0.0,0.000697350069735007,0.0,0.002004881450488145,0.0,0.0,0.0,0.0,0.0,0.0,0.0,0.0,0.0,0.0011331938633193863,0.0,0.0,0.0,0.0,0.0,0.0,0.0,0.0,0.0,0.0,0.0,0.0,0.0,0.0,0.0,0.0,0.0,0.0,0.0,0.0,0.0,0.0,0.0,0.0,0.0,0.0,0.0,0.0,0.0,0.0,0.0,0.0,0.0,0.0,0.0,0.0,0.0,0.0,0.0,0.0,0.0,0.0,0.0,0.0,0.0,0.0,0.0,0.0,0.0,0.0,0.0,0.0,0.0,0.00017433751743375174,0.0032252440725244074,0.0,0.0,0.06380753138075314,0.0,0.0,0.0,0.34344490934449096,0.0,0.0,0.0,0.0,0.0,0.0,0.0,0.0,0.0,0.0,0.0,0.0,0.026237796373779636,0.033821478382147836,0.0,0.0,0.0,0.0,0.0002615062761506276,0.0,0.0,0.0,0.0,0.0,0.0,0.0,0.0,0.0
"X206562",0.0,0.0001419244961680386,0.0024127164348566564,0.0012063582174283282,0.0009225092250922509,0.0,0.3076923076923077,0.0,0.0005676979846721544,0.0,0.0,0.0,0.0,0.0,0.0,0.0,0.0,0.0,0.0,0.022707919386886176,0.27774623900085155,0.019159806982685212,0.011353959693443088,0.0010644337212602896,0.0,0.0,7.09622480840193e-05,0.0,0.0,0.0004257734885041158,0.0,0.21295770650014192,0.03661652001135396,0.007947771785410162,0.0001419244961680386,7.09622480840193e-05,0.03072665342038036,0.0,0.0,0.0,0.0,0.0,7.09622480840193e-05,0.0,0.0,0.0,0.0,0.0,0.0,0.0,0.0,0.0,0.0,0.0444933295486801,0.013908600624467783,0.0,0.0,0.0,0.0,0.0,0.0,0.0,0.0,0.0,0.0,0.0,0.0,0.0,0.005535055350553505,0.0,0.0,0.0,0.0,0.0,0.0,0.0,0.0,0.0,0.0,0.0,0.0,0.0,0.0,0.0,0.0,0.0,0.0,0.0,0.0001419244961680386,0.0,0.0,0.0,0.0,0.0,0.0,0.0,0.0,0.0,0.0,0.0,0.0,0.0,0.0,0.0,0.0,0.0,0.0,0.0,0.0,0.0,7.09622480840193e-05,0.0,0.0,0.0,0.0017030939540164632,0.0,0.0,0.0,0.0,0.0,0.0,0.0,0.0,0.0,0.0,0.0,7.09622480840193e-05,0.0,7.09622480840193e-05,0.0,0.0,0.0,0.0,0.0,0.0,0.0,0.0,0.0,0.0,0.0,0.0,0.0,0.0
"X206561",0.0,0.0,0.0,0.0027306860848788257,0.0020480145636591193,0.0,0.27079303675048355,0.0,0.0,0.0,0.0,0.0,0.0,0.0,0.0,0.0,0.0,0.0,0.0,0.013653430424394129,0.2539538058937308,0.02025258846285129,0.03299579019228581,0.0010240072818295596,0.0,0.0,0.0012515644555694619,0.0,0.0,0.0,0.0,0.22971896689043123,0.05222437137330754,0.005688929343497554,0.0,0.0,0.059847536693594265,0.0,0.0,0.00022755717373990216,0.0,0.0,0.0,0.0,0.0,0.0,0.0,0.0,0.0,0.0,0.0,0.0,0.0,0.014904994879963591,0.027306860848788257,0.0,0.0,0.0,0.0,0.0,0.0,0.0,0.0,0.0,0.0,0.0,0.0,0.0,0.009216065536466037,0.0,0.0,0.0,0.0,0.0,0.0,0.0,0.0,0.0,0.0,0.0,0.0,0.0,0.0,0.0,0.0,0.0,0.0,0.0,0.0,0.0,0.0,0.0,0.0,0.0,0.0,0.0,0.0,0.0,0.0,0.0,0.0,0.0,0.0,0.0,0.0,0.0,0.00022755717373990216,0.0,0.0,0.0,0.0,0.0,0.0,0.0,0.0019342359767891683,0.0,0.0,0.0,0.0,0.0,0.0,0.0,0.0,0.0,0.0,0.0,0.0,0.0,0.0,0.0,0.0,0.0,0.0,0.0,0.0,0.0,0.0,0.0,0.0,0.0,0.0,0.0,0.0
"X206564",0.0,0.00586756077116513,0.0,0.0,0.009220452640402346,0.0,0.39522212908633697,0.0,0.0,0.0,0.0,0.0,0.0,0.0,0.0,0.0,0.006286672254819782,0.0,0.0,0.0,0.1567476948868399,0.03143336127409891,0.004191114836546521,0.007124895222129086,0.0,0.0,0.0,0.003352891869237217,0.0,0.0012573344509639564,0.0,0.22548197820620286,0.025146689019279127,0.0,0.0,0.0,0.017183570829840736,0.0,0.0,0.0,0.0,0.0,0.0,0.0037720033528918693,0.0,0.0,0.0,0.0,0.0,0.0,0.0,0.0,0.0,0.0,0.07124895222129086,0.0,0.0,0.0,0.0,0.0,0.0,0.0,0.0,0.0,0.0,0.0,0.0,0.0,0.00041911148365465214,0.0,0.0,0.0,0.0,0.0,0.0,0.0,0.0,0.0,0.0,0.0,0.0,0.0,0.0,0.0,0.0,0.0,0.0,0.0,0.0,0.0,0.0,0.0,0.0,0.0,0.0,0.0,0.0,0.0,0.0,0.0,0.0,0.0,0.0,0.0,0.0,0.0,0.0,0.0,0.0,0.0,0.0,0.0,0.0,0.0,0.03604358759430008,0.0,0.0,0.0,0.0,0.0,0.0,0.0,0.0,0.0,0.0,0.0,0.0,0.0,0.0,0.0,0.0,0.0,0.0,0.0,0.0,0.0,0.0,0.0,0.0,0.0,0.0,0.0,0.0
"X206563",0.0,0.025753842543705267,0.0006453126833274669,0.0034612225742109586,0.0005279831045406547,0.00017599436818021823,0.3017130118502875,5.8664789393406076e-05,0.0014079549454417458,0.0,0.00035198873636043646,0.0006453126833274669,0.0010559662090813093,0.0011146309984747154,0.0005866478939340608,0.0,0.0,5.8664789393406076e-05,0.00011732957878681215,0.01748210723923501,0.20673471782236302,0.024287222808870117,0.008037076146896633,0.00463451836207908,0.0,0.0,0.0022292619969494307,0.00011732957878681215,0.0,0.00035198873636043646,0.0,0.16279479056670187,0.033614924322421684,0.020239352340725096,0.0013492901560483398,5.8664789393406076e-05,0.0078024169893230085,0.0,0.00035198873636043646,0.00011732957878681215,0.0,0.0012319605772615277,0.00017599436818021823,0.020884665024052562,0.0,0.00011732957878681215,0.0,0.0007039774727208729,0.0,0.005045171887832923,0.0,0.0,0.0002346591575736243,0.0005866478939340608,0.04569987093746333,0.0,0.0,0.0016426141030153702,0.0,0.0,0.0008799718409010912,0.0,0.0,0.0002933239469670304,0.0,0.0,0.0,0.0,0.0009386366302944972,0.0045758535726856744,0.0,0.0,0.0008799718409010912,0.0,0.0,0.0005866478939340608,0.00041065352575384256,0.0,0.0,0.0011732957878681216,0.003695881731784583,0.0005866478939340608,0.0,0.0,0.0,0.0,0.0,0.0014666197348351519,0.0,0.0028159098908834917,0.0,0.0,0.0,0.0,0.0,0.0,0.0,0.0004693183151472486,0.0,0.0,0.01525284524228558,0.0,0.0002933239469670304,0.00011732957878681215,0.0,0.0,0.00017599436818021823,0.0,0.0,0.044761234307168836,0.009797019828698815,0.0,0.00011732957878681215,0.0,0.0007039774727208729,0.0,0.0,0.0,0.0,0.0,0.0,0.0,0.0,0.0,0.0,0.0002346591575736243,0.0009973014196879033,0.0019359380499824005,0.0,0.0,0.0,0.0,0.0,0.0008799718409010912,0.0,0.0012906253666549337,0.0004693183151472486,0.0,0.0,0.0,0.0,0.0,0.0
"X206570",0.0,0.0,0.012742188863676035,0.0002094606388549485,0.000279280851806598,0.0,0.2135102112061442,0.0,6.98202129516495e-05,0.0008727526618956188,0.0,0.0,0.0,0.0,0.0,0.0,0.0,0.0,0.0,0.2143829638680398,0.1263396753360098,0.011101413859312272,0.010926863326933147,0.0008029324489439693,0.00031419095828242276,0.0,0.0002443707453307733,0.0,0.0,0.0,0.0,0.1452958631523826,0.037214173503229184,0.0016058648978879385,0.000279280851806598,0.0,0.07935067201954966,0.0,0.000279280851806598,0.0002094606388549485,0.0,0.0,3.491010647582475e-05,0.0,6.98202129516495e-05,0.0,0.0,0.0,0.0,0.0,0.00010473031942747425,0.0,3.491010647582475e-05,0.012602548437772735,0.014941525571652993,6.98202129516495e-05,0.0,0.0,0.0,0.0,0.0,0.0,0.0,0.0,0.0,0.0,0.0,0.0,0.0,0.0,0.0,0.0,0.0,3.491010647582475e-05,0.0,0.0,0.0,0.00034910106475824753,0.0,0.0,0.0,0.0,0.0,0.0,0.0,0.0,0.0,0.0,0.0,0.0,0.0,0.0,0.0,0.0,0.0,0.0,0.0,0.0,0.0,0.0,0.0,0.0,0.0,0.0,0.0,0.0,6.98202129516495e-05,0.000139640425903299,0.0,0.0,0.0017105952173154127,0.0,0.0,0.0,0.0,0.0,0.0,0.0,0.0,0.0,0.0,0.0,0.0,0.0,0.0,0.0,0.11370221679176122,0.00010473031942747425,0.0,0.0,0.0,0.0,0.0,0.0,0.0,0.0,0.0,0.0,0.0,0.0,0.0,0.0,0.0
"X206569",0.0,0.0,0.006376811594202898,0.00016563146997929605,0.00020703933747412008,0.0,0.16956521739130434,4.1407867494824014e-05,4.1407867494824014e-05,0.0002484472049689441,0.0,0.0,0.0,0.0,0.0,0.0,0.0,0.00012422360248447205,0.0,0.1944513457556936,0.10459627329192546,0.0058799171842650105,0.010559006211180125,0.00037267080745341616,0.0004968944099378882,0.0,0.0002898550724637681,0.0,0.0,8.281573498964803e-05,0.0,0.17192546583850932,0.05349896480331263,0.0013664596273291925,0.0002484472049689441,0.0,0.08749482401656315,0.0,0.0,0.00020703933747412008,0.0,0.0,0.0,0.0,0.0,0.0,0.0,0.0,4.1407867494824014e-05,4.1407867494824014e-05,0.0,0.0,0.00012422360248447205,0.022111801242236023,0.008985507246376812,0.00016563146997929605,0.0,0.0,0.0,0.0,0.0,0.0,0.0,0.0,0.0,0.0,0.0,0.0,0.0,0.0,0.0,0.0,0.0,8.281573498964803e-05,0.0,0.0,0.0,8.281573498964803e-05,0.0,0.0,0.0,0.0,0.0,0.0,0.0,0.0,0.0,0.0,0.0,0.0,0.0,0.0,0.0,0.0,0.0,0.0,0.0,0.0,0.0,0.0,0.0,0.0,4.1407867494824014e-05,0.0,0.0,0.0,4.1407867494824014e-05,0.00012422360248447205,0.0,0.0,0.002070393374741201,0.0,0.0,0.0,4.1407867494824014e-05,0.0,0.0,0.0,0.0,0.0,0.0,0.0,0.0,0.0,0.0,0.0,0.15768115942028985,0.00012422360248447205,0.0,0.0,0.0,0.0,0.0,0.0,0.0,0.0,0.0,0.0,0.0,0.0,0.0,0.0,0.0
"X215067",0.0,0.0,0.0036900369003690036,0.0,0.0009604205631097407,0.0,0.1958752464236971,0.0,0.0,0.00015164535206995905,0.0,0.0,0.0,0.0,0.0,0.0,0.0,0.0,0.0,0.04266289238234848,0.1596825557296669,0.02921700449881211,0.11226810898245969,0.0017691957741495224,0.0004043876055198908,0.0,0.0003538391548299045,0.0,0.0,0.0004043876055198908,0.0001010969013799727,0.1785876762877218,0.026790678865692766,0.0006065814082798362,0.0001010969013799727,0.0,0.03770914421472982,0.0,0.0,0.0,0.0,0.0,5.054845068998635e-05,0.0,0.00015164535206995905,0.0,0.0,0.0,0.0,0.0,0.0,0.0,0.0001010969013799727,0.02395996562705353,0.006268007885558308,0.0,0.0,0.0,0.0,0.0,0.0,0.0,0.0,0.0,0.0,0.0,0.0,0.0,0.0001010969013799727,0.0,0.0,0.0,0.0,0.0,0.0,0.0,0.0,0.0,0.0,0.0,0.0,0.0,0.0,0.0,0.0,0.0,0.0,0.0,0.0,0.0,0.0,0.0,0.0,0.0,0.0,0.0,0.0,0.0,0.0,0.0,0.0,0.0,0.0,0.0,0.0,0.0,5.054845068998635e-05,0.0,0.0,0.0,0.0015164535206995905,0.0,0.0,0.0,0.00015164535206995905,0.0,0.0,0.0,0.0,0.0,0.0,0.0,0.0,0.0,0.0,0.0,0.17621189910529242,5.054845068998635e-05,0.0,0.0,0.0,5.054845068998635e-05,0.0,0.0,0.0,0.0,0.0,0.0,0.0,0.0,0.0,0.0,0.0
"X206604",0.0,0.00020485506504148315,0.0013315579227696406,0.06483662808562941,0.0003072825975622247,0.0,0.24726006350507015,0.00850148519922155,0.0003072825975622247,0.0,0.0,0.0,0.0,0.0017412680528526069,0.0010242753252074157,0.0,0.0,0.0,0.0,0.0,0.1611185086551265,0.19133463074874527,0.0008194202601659326,0.011267028577281573,0.0,0.0,0.0027655433780600226,0.0,0.0,0.0005121376626037079,0.0,0.1849841237324593,0.008911195329304518,0.0029703984431015055,0.0006145651951244494,0.0,0.0036873911707466967,0.0,0.0,0.0009218477926866742,0.0,0.0,0.0,0.0,0.00010242753252074157,0.0,0.0,0.0,0.000716992727645191,0.0,0.0,0.0,0.0,0.0,0.012701014032571956,0.0,0.0,0.0,0.0,0.0,0.0,0.0,0.0,0.0,0.0,0.008296630134180067,0.0,0.0,0.0,0.0,0.0,0.0,0.0,0.0006145651951244494,0.00010242753252074157,0.0,0.0,0.0,0.002150978182935573,0.0,0.0,0.0,0.0,0.0,0.0,0.0,0.0,0.0,0.0005121376626037079,0.0,0.0,0.0,0.0,0.0,0.0,0.0,0.0,0.0,0.0,0.0012291303902488989,0.00010242753252074157,0.0,0.0,0.0,0.0,0.0,0.0051213766260370785,0.0,0.0,0.0,0.0017412680528526069,0.0,0.0,0.0,0.06657789613848203,0.0,0.0,0.0,0.0,0.0,0.0,0.0,0.00020485506504148315,0.0,0.0,0.0,0.0036873911707466967,0.0,0.0,0.0,0.0,0.000716992727645191,0.0,0.0,0.0,0.0,0.0,0.0,0.0,0.0,0.0,0.0,0.0
"X206605",0.0,0.0,0.0022604879994681205,0.0400239345788179,0.0005983644704474437,0.0,0.2785054185227046,0.0001994548234824812,6.648494116082707e-05,0.0,0.0,0.0,0.0,0.0023934578817897748,6.648494116082707e-05,0.0,0.0,0.0,0.0,0.0,0.11056445715045542,0.22817631806395852,0.005717704939831128,0.007313343527690978,0.0,0.0002659397646433083,0.0,0.0007978192939299248,0.0,0.0007978192939299248,0.0,0.23103517053387407,0.010371650821089023,0.0007313343527690978,0.00033242470580413535,0.0,0.000997274117412406,0.0,0.0042550362342929325,0.0,0.0,0.0,0.0,0.0,0.0,0.0,0.0,0.0,0.0,0.0,0.0,0.0,0.0,0.0,0.01775147928994083,0.0002659397646433083,0.0,0.0,0.0,0.0,0.0,0.0,0.0,0.0,0.0,0.005717704939831128,0.0,0.0,0.0,0.0,0.0,0.0,0.0,0.0005983644704474437,0.0,0.0,0.0,0.0,0.0,0.0,0.0,0.0,0.0,0.0,0.0,0.0,0.0,0.0,0.0,6.648494116082707e-05,0.0,0.0,0.0,0.0,0.0,0.0,0.0,0.0,0.0,0.0,0.0,0.0,0.0,0.0,0.0,0.0,0.0,0.0010637590585732331,0.0,0.0,0.01156837976198391,0.0,0.0,0.0,0.037098597167741505,0.0,0.0,0.0,0.0,0.0,0.0,0.0,0.0,0.0,0.0,0.0,0.0001994548234824812,0.0,0.0001994548234824812,0.0,0.0,0.0,0.0,0.0,0.0,0.0,0.0,0.0,0.0,0.0,0.0,0.0,0.0
"X206608",0.0,0.0004938620008466206,0.0011993791449132214,0.02582192747283759,0.0,0.0,0.20107238605898123,0.0,0.0,0.0,0.0,0.0,0.0,0.0,0.0,0.0,0.0,0.0,0.0,0.0,0.189290249753069,0.024199238041484408,0.0011288274305065614,0.007478481727105969,0.0,0.0,0.0,0.0,0.0,0.00028220685762664035,0.0,0.42874276844927334,0.057852405813461266,0.0009877240016932412,0.0004233102864399605,0.0,0.013263722308452096,0.0006349654296599407,0.0,0.0,0.0,0.0,0.00021165514321998025,0.0,0.0,0.0,0.0,0.0,0.0,0.0,0.0,0.0,0.0,0.0,0.030548892338083816,0.0,0.0,0.0,0.0,0.0,0.0,0.0,0.0,0.0,0.0,0.0022576548610131228,0.0,0.0,0.0,0.0,0.0,0.0,0.0,0.0,0.0,0.0,0.0,0.0,0.0,0.0,0.0,0.0,0.0,0.0,0.0,0.0,0.0,0.0,0.0,7.055171440666009e-05,0.0,0.0,0.0,0.0,0.0,0.0,0.0,0.0,0.0,0.0,0.0,0.0,0.0,0.0,0.0,0.0,0.0,0.0,0.0,0.0,0.0050797234372795255,0.0,0.0,0.0,0.006561309439819388,0.0,0.0,0.0,7.055171440666009e-05,0.0,0.0,0.0,0.0,0.0,0.0,0.0,0.0023282065754197828,0.0,0.0,0.0,0.0,0.0,0.0,0.0,0.0,0.0,0.0,0.0,0.0,0.0,0.0,0.0,0.0
"X206609",0.0,0.00019698611247907023,0.0005909583374372107,0.03545750024623264,0.0004924652811976756,0.0,0.1759085984438097,0.00019698611247907023,0.0,0.0,0.0,0.0,0.0,0.002560819462227913,0.0,0.0,0.0,0.0,0.0,0.0,0.17206736925046784,0.02176696542893726,0.0008864375061558161,0.014379986210972126,0.0,0.0,0.00039397222495814047,0.0,0.0,0.0,0.0,0.4145572737122033,0.05180734758199547,0.00039397222495814047,0.0020683541810302374,0.0,0.024918743228602384,0.0,0.0,0.0,0.0,0.0,0.0,0.0,0.00029547916871860535,0.0,0.0,0.0,0.0,0.0,0.00029547916871860535,0.0,0.0,0.0,0.05850487540628386,0.0,0.0,0.0,0.0,0.0,0.0,0.0,0.0,0.0,0.0,0.0017728750123116321,0.0,0.0,0.0,0.0,0.0,0.0,0.0,0.0,0.0,0.0,0.0,0.0,0.0,0.0,0.0,0.0,0.0,0.0,0.0,0.0,0.0,0.0,0.0,0.0,0.0,0.0,0.0,0.0,0.0,0.0,0.0,0.0,0.0,0.0,0.0,0.0,0.0,0.0,0.0,0.0,0.0,0.00029547916871860535,0.0,0.0,0.006205062543090712,0.0,0.0,0.0,0.009849305623953511,0.0,0.0,0.0,0.0,0.0,0.0,0.0,0.0,0.0,0.0,0.0,0.003939722249581405,0.00019698611247907023,0.0,0.0,0.0,0.0,0.0,0.0,0.0,0.0,0.0,0.0,0.0,0.0,0.0,0.0,0.0
"X215085",0.0,0.0,0.0,0.04981378026070764,0.0,0.00558659217877095,0.08729050279329609,0.007914338919925512,0.0,0.0,0.0,0.0,0.0013966480446927375,0.0,0.0,0.0,0.0016294227188081937,0.0,0.0,0.0,0.1601489757914339,0.019553072625698324,0.0,0.01303538175046555,0.0,0.0,0.010707635009310988,0.0,0.0,0.0,0.0,0.45274674115456237,0.06634078212290503,0.021415270018621976,0.006750465549348231,0.0,0.017458100558659217,0.0,0.0,0.0,0.0,0.0,0.0,0.0,0.0,0.0,0.0,0.0,0.0,0.00186219739292365,0.0,0.0,0.0034916201117318434,0.0,0.023277467411545624,0.0,0.0,0.0,0.004655493482309125,0.0,0.0,0.0,0.0,0.0,0.0,0.015595903165735567,0.0,0.0,0.0,0.0,0.0,0.0,0.0,0.0,0.0,0.0,0.0,0.0,0.0,0.0,0.0016294227188081937,0.0,0.0,0.0,0.0,0.0006983240223463687,0.0,0.0,0.0,0.0,0.0,0.0,0.0,0.0,0.003026070763500931,0.0,0.0,0.0,0.0,0.0004655493482309125,0.0,0.0,0.007681564245810056,0.0,0.0,0.0,0.002094972067039106,0.0,0.0,0.0,0.0,0.0,0.0,0.0,0.0111731843575419,0.0,0.0,0.0,0.0,0.0,0.0,0.0,0.0,0.0,0.0,0.0,0.0,0.0011638733705772813,0.0,0.0,0.0,0.0,0.0,0.0,0.0,0.0,0.0,0.0,0.0,0.0,0.0013966480446927375,0.0,0.0
"X215084",0.0,0.0008123476848090983,0.0,0.02843216896831844,0.0,0.0,0.09082047116165719,0.0,0.0,0.0,0.0,0.0,0.0,0.01007311129163282,0.0,0.0,0.0,0.0,0.0,0.0,0.22696994313566207,0.04224207961007311,0.013484971567831032,0.00926076360682372,0.0,0.0,0.0011372867587327376,0.0,0.0,0.00016246953696181965,0.0,0.40812347684809097,0.056051990251827784,0.002274573517465475,0.0011372867587327376,0.0,0.03590576766856214,0.0,0.018359057676685622,0.0,0.0,0.0,0.0,0.0,0.0,0.0,0.0,0.0,0.0,0.0,0.0,0.0,0.0,0.0,0.029569455727051178,0.0,0.0,0.0,0.0,0.0,0.0,0.0,0.0,0.0,0.0,0.00926076360682372,0.0,0.0,0.0,0.0,0.0,0.0,0.0,0.0,0.0,0.0,0.0,0.0,0.0,0.0,0.0,0.0,0.0,0.0,0.0,0.0,0.0,0.0,0.0,0.0,0.0,0.0,0.0,0.0,0.0,0.0,0.0,0.0,0.0,0.0,0.0,0.0,0.0,0.0,0.0,0.0,0.0003249390739236393,0.0,0.0,0.0,0.002274573517465475,0.0,0.0,0.0,0.012510154346060114,0.0,0.0,0.0,0.0003249390739236393,0.0,0.0,0.0,0.0,0.0,0.0,0.0,0.0,0.0,0.0,0.0,0.0,0.0,0.0,0.00048740861088545896,0.0,0.0,0.0,0.0,0.0,0.0,0.0,0.0,0.0
"X214995",0.0,0.0,0.0,0.00033865778630693685,0.0,0.0,0.06948128915730654,0.0,0.00016932889315346842,0.0006208726082293842,0.0,0.0,0.0,0.00028221482192244734,0.00011288592876897895,0.0005079866794604052,0.00011288592876897895,0.0,0.0,5.6442964384489474e-05,0.31619348648191004,0.03420443641700062,0.025230005079866794,0.01738443303042276,0.0,5.6442964384489474e-05,0.0009030874301518316,0.0,0.0,0.0,0.0,0.49206976350397924,0.0,0.020488796071569677,0.001185302252074279,0.00011288592876897895,0.0,0.0,0.004007450471298753,0.00016932889315346842,0.00011288592876897895,0.0,0.0002257718575379579,0.0,0.0,0.00016932889315346842,0.0,0.0,0.0003951007506914263,5.6442964384489474e-05,0.0,0.0,0.010441948411130553,0.0,0.0,5.6442964384489474e-05,0.0,0.0,0.0,0.0,0.0,0.0,0.0,0.0,0.0,0.0,0.0,0.0,0.0,0.0,0.0,0.0,0.0,0.0,0.0,0.0,0.0,0.0,0.0,0.0,0.0,0.0,0.0,0.0,0.0,0.00011288592876897895,0.0,0.0,0.0,0.00033865778630693685,0.0,0.0,0.0,0.0,0.0,0.0,0.0,0.0,0.0,0.0,0.0002257718575379579,0.0,0.0,0.0,0.0,0.0,5.6442964384489474e-05,0.0003951007506914263,0.0,0.0,0.0007337585369983631,0.0,0.0,0.0,0.00028221482192244734,0.0,0.00011288592876897895,0.0,0.0,0.0,0.0,0.00011288592876897895,0.0,0.0,0.0,0.0,0.0,0.002370604504148558,0.00011288592876897895,0.0,0.0,0.0,0.0,0.0,0.0,0.0,0.0,0.0,0.0,0.0,0.0,0.0,0.0
"X214994",0.0,0.0,0.0,6.244925997626928e-05,0.0,0.0,0.0652594766752014,0.0013114344595016548,0.0,0.0003746955598576157,0.0,0.0,0.0,0.0034971585586710797,0.0027477674389558486,0.0,0.0,0.0,0.0,0.0,0.31942796477861735,0.031849122587897336,0.024917254730531444,0.008493099356772622,0.0,0.0,0.001998376319240617,0.0,0.0,0.0,0.0,0.5200149878223943,6.244925997626928e-05,0.009804533816274276,0.0009991881596203085,0.0,0.0,0.0,0.0032473615187660026,0.0006869418597389621,0.0,0.0,0.00024979703990507713,0.0,0.0,0.0,0.0,0.0,0.0,0.0,0.0,0.0,0.0006869418597389621,0.0,0.0,0.0,0.0,0.0,0.0,0.0,0.0,0.0,0.0,0.0,0.0,0.0,0.0,0.0,0.0,0.0,0.0,0.0,0.0,0.0,0.0,0.0,0.0,0.0,0.0,0.0,0.0,0.0,0.0,0.0,0.0,0.0,0.0,0.0,0.0,0.0,0.0,0.0,0.0,0.0,0.0,0.0,0.0,0.0,0.0,0.0003746955598576157,0.0,0.0,0.0,0.0,0.0,0.0,0.0009991881596203085,0.00018734777992880785,0.0,0.0,0.0008742896396677699,0.0,0.0,0.0,0.0012489851995253856,0.0,0.0,0.0,0.0,0.0,0.0,0.0,0.0,0.0,0.0,0.0,6.244925997626928e-05,0.0005620433397864235,0.0,0.0,0.0,0.0,0.0,0.0,0.0,0.0,0.0,0.0,0.0,0.0,0.0,0.0,0.0
"X215075",0.0,5.072794602546543e-05,0.0011160148125602394,5.072794602546543e-05,0.00010145589205093085,0.0,0.38857606655506516,5.072794602546543e-05,0.0,0.0,0.0,0.0,0.0,0.0,0.0,0.0,0.0,0.0,0.0,0.0,0.08253436818343225,0.006188809415106782,0.004311875412164562,0.0012174707046111702,0.0,0.00010145589205093085,0.0008623750824329122,0.0,0.0,0.000355095622178258,0.0,0.44042002739309083,0.015116927915588697,0.006797544767412367,0.0,0.0,0.0011160148125602394,0.0,0.000355095622178258,0.0011160148125602394,0.0,0.0,0.00030436767615279255,0.0,0.0,0.0,0.0,0.0,0.00010145589205093085,0.0,0.0,0.0,0.0005580074062801197,0.0,0.0009131030284583778,0.00010145589205093085,0.0,0.0,0.0,0.0,5.072794602546543e-05,0.0,0.0,0.0,0.0,0.000355095622178258,0.0,0.0,0.0,0.0,0.0,0.0,0.0,0.0,0.0,0.0,0.0,0.0,0.0,0.0,0.0,0.0,0.0,0.0,0.0,0.0,0.0,0.0,0.0,0.0,0.0,0.0,0.0,0.0,0.0,0.0,0.0,0.0,0.0,0.0,0.0,0.0,0.0,0.0,0.0,0.0,0.0008116471364074468,0.00015218383807639628,0.0,0.0,0.04484350428651144,0.0,0.0,0.0,0.0008623750824329122,0.0,0.0,0.0,0.0,0.0,0.0,0.0,0.0,0.0,0.0,0.0,0.0,0.0005072794602546543,0.0,0.0,0.0,0.0,0.0,0.0,0.0,0.0,0.0,0.0,0.0,0.0,0.0,0.0,0.0
"X215076",0.0,0.0,0.0011576986963305984,0.0,0.0,0.0,0.3108672673277294,0.0,0.0,0.0,0.0,0.0,0.0,0.001409372325967685,0.0,0.0,0.0,0.0,0.0,0.0,0.1800976493682992,0.0008053556148386772,0.0020637237630241104,0.0008053556148386772,0.0,0.0,0.0006543514370564252,0.0,0.0,0.0006040167111290079,0.0,0.4115870539084915,0.01374138017818493,0.014949413600442945,0.0,0.0,0.0,0.0,0.0006040167111290079,0.0009563597926209292,0.0,0.0,0.00010066945185483464,0.0,0.0,0.0,0.0,0.0,0.0,0.0,0.0,0.0,0.0010066945185483464,0.0,0.0002013389037096693,0.0,0.0,0.0,0.0,0.0,0.0,0.0,0.0,0.0,0.0,0.0002516736296370866,0.0,0.0,0.0,0.0,0.0,0.0,0.0,0.0,0.0,0.0,0.0,0.0,0.0,0.0,0.0,0.0,0.0,0.0,0.0,0.0,0.0,0.0,0.0,0.0,0.0,0.0,0.00010066945185483464,0.0,0.0,0.0,0.0,0.0,0.0,0.0,0.0,0.0,0.0,0.0,0.0,0.0,0.00015100417778225197,5.033472592741732e-05,0.0,0.0,0.05697890974983641,0.0,0.0,0.0,0.0005033472592741732,0.0,0.0,0.0,0.0,0.0,0.0,0.0,0.0,0.0,0.0,0.0,0.0,0.00035234308149192125,0.0,0.0,0.0,0.0,0.0,0.0,0.0,0.0,0.0,0.0,0.0,0.0,0.0,0.0,0.0
"X219633",0.0,6.161429451632779e-05,0.005730129390018484,0.0,0.002649414664202095,0.0004313000616142945,0.3822550831792976,0.00012322858903265557,0.00012322858903265557,0.0,0.0,0.0,0.0,0.0006161429451632779,0.0,0.0,0.0,0.0,0.0,0.0,0.4264325323475046,0.00696241528034504,0.0007393715341959334,0.015095502156500308,0.0,0.0003696857670979667,0.0006777572396796057,0.0,0.0,0.00030807147258163895,0.0,0.0895871842267406,0.005483672211953173,0.00862600123228589,0.0,0.0,0.04534812076401725,0.0,0.00018484288354898336,0.00030807147258163895,0.0004313000616142945,0.0,6.161429451632779e-05,0.0,0.0,0.0,0.0,0.0,0.0,0.0,0.0,0.0,0.0,0.0,0.0036968576709796672,0.0,0.0,0.0,0.0,0.0,0.0,0.0,0.0,0.0,0.0,0.0015403573629081946,0.0,0.0,0.0,0.0,0.0,0.0,0.0,0.0,0.0,0.0,0.0,0.0,0.0,0.0,0.0,0.0,0.0,0.0,0.0,0.0,0.0,0.0,0.0,0.0,0.0,0.0,0.0,0.0,0.0,0.0,0.0,0.0,0.0,0.0,0.0,0.0,0.0,0.0,0.0,0.0,6.161429451632779e-05,0.0,0.0,0.0,0.0004929143561306223,0.0,0.0,0.0,0.0012939001848428836,0.0,0.0,0.0,0.0,0.0,0.0,0.0,0.0,0.0,0.0,0.0,0.0,0.00030807147258163895,0.0,0.0,0.0,0.0,0.0,0.0,0.0,0.0,0.0,0.0,0.0,0.0,0.0,0.0,0.0
"X219634",0.0,0.00046699875466998757,0.01486612702366127,0.0007783312577833125,0.00809464508094645,0.0,0.2116282689912827,0.0,0.0,0.0,0.0,0.0,0.0,0.002724159402241594,0.0,0.0,0.0,0.0,0.0,7.783312577833126e-05,0.623832503113325,0.007238480697384807,0.0022571606475716064,0.008717310087173101,0.0,0.0,0.0014009962640099626,0.0,0.0,0.00015566625155666251,0.0,0.060865504358655044,0.002646326276463263,0.020158779576587797,0.00015566625155666251,0.0,0.018913449564134495,0.0,0.0009339975093399751,0.00046699875466998757,0.0,0.0,0.0011674968866749688,0.0,0.0,0.0,0.0,0.0,0.0,0.0,0.0,0.0,0.0013231631382316315,0.0,0.0037359900373599006,0.0006226650062266501,0.0,0.0,0.0,0.0,0.0,0.0,0.0,0.0,0.0,0.0007004981320049813,0.0,0.0,7.783312577833126e-05,0.0,0.0,0.0,0.0,0.0,0.0,0.0,0.0,0.0,0.0,0.0,0.0,0.0,0.0,0.0,0.0,0.0,0.0,0.0,0.0,7.783312577833126e-05,0.0,0.0,0.0,0.0,0.0,0.0,0.0,0.0,0.0,0.0,0.0,0.0,0.0,0.0,0.0,0.0,0.00031133250311332503,0.0,0.0,0.0,0.0035024906600249067,0.0,0.0,0.0,0.0010896637608966376,0.0,0.0,0.0,0.0,0.0,0.0,0.0,0.0,0.0,0.0,0.0,0.0,0.0009339975093399751,7.783312577833126e-05,0.0,0.0,0.0,0.0,0.0,0.0,0.0,0.0,0.0,0.0,0.0,0.0,0.0,0.0
"X219637",0.025,0.0,0.0,0.0,0.0,0.0,0.05,0.0,0.0,0.0,0.0,0.0,0.0,0.0,0.075,0.2125,0.1,0.0,0.0,0.0,0.0875,0.0,0.0,0.0,0.0,0.0,0.0,0.0,0.0,0.0,0.0,0.0,0.0,0.0,0.0,0.0,0.0,0.0,0.0,0.0,0.0,0.0,0.0,0.0,0.0,0.0,0.0,0.0,0.0,0.0,0.0,0.0,0.0,0.0,0.0,0.0,0.0,0.0,0.0,0.0,0.025,0.0,0.0,0.0,0.0375,0.0,0.0,0.0,0.0,0.0,0.0,0.0,0.0,0.0,0.0,0.0,0.0,0.0,0.0,0.0,0.0,0.0,0.0,0.0,0.0,0.0,0.0,0.0125,0.0,0.0,0.0875,0.0,0.075,0.0,0.0,0.0,0.0,0.0,0.0,0.0,0.075,0.0,0.0,0.0,0.0,0.0,0.0125,0.0,0.0,0.0,0.0,0.0,0.0,0.05,0.0375,0.0,0.0,0.0,0.0,0.0,0.0,0.0,0.0,0.0,0.0,0.0,0.0,0.0,0.0,0.0,0.0,0.0,0.0,0.0,0.0,0.0,0.0,0.0,0.0,0.0375,0.0,0.0,0.0
"X219638",0.0,0.0,0.0,0.000547012702850544,0.001641038108551632,0.0,0.22463988330395673,0.003889868109159424,0.000121558378411232,0.0,0.0,0.0,0.0,0.000182337567616848,0.00334285540630888,0.0,0.0,0.0,0.0,0.0,0.5783747644806418,0.012277396219534432,0.000850908648878624,0.05117607731112867,0.0,0.0,0.000182337567616848,0.0,0.0,0.006807269191028992,0.0,0.08782592840211512,0.000547012702850544,0.000729350270467392,0.0,0.0,0.000425454324439312,0.0,0.006442594055795296,0.0018233756761684798,0.0018233756761684798,0.0,0.000121558378411232,0.0,0.0,0.0,0.0,0.0,0.0,0.0,0.0,0.0,0.0,0.0,0.010271682975749104,0.0,0.0,0.0,0.0,0.0,0.0,0.0,0.0,0.0,0.0,0.004011426487570656,0.0,0.0,0.0,0.0,0.0,0.0,0.0,0.0,0.0,0.0,0.0,0.0,0.0,0.0,0.0,0.0,0.0,0.0,0.0,0.0,0.0,0.0,0.0,0.0,0.0,0.0,0.0,0.0,0.0,0.0,0.0,0.0,0.0,0.0,0.0,0.0,0.0,0.0,0.0,0.0,0.000182337567616848,0.0,0.0,0.0,0.0006685710812617759,0.0,0.0,0.0,0.0,0.0,0.0,0.0,0.0,0.0,0.0,0.0,0.0,0.0,0.000547012702850544,0.0,0.0,0.0,0.0,0.0,0.0,0.0,0.0,0.0,0.0,0.0,0.0,0.0,0.000547012702850544,0.0,0.0,0.0,0.0
"X219659",0.0,0.0,0.0,0.0,0.01443001443001443,0.0,0.16786916786916786,0.0,0.012506012506012507,0.0,0.0,0.0,0.0,0.0,0.0,0.0,0.00481000481000481,0.02068302068302068,0.0,0.0,0.15055315055315055,0.004329004329004329,0.0,0.016835016835016835,0.0,0.0,0.000481000481000481,0.0,0.0,0.010582010582010581,0.0,0.24338624338624337,0.017316017316017316,0.003848003848003848,0.00481000481000481,0.0,0.02886002886002886,0.0,0.0,0.0,0.0,0.0,0.0,0.0,0.0,0.0,0.0,0.006253006253006253,0.0,0.0,0.000481000481000481,0.005291005291005291,0.0,0.0,0.02934102934102934,0.0,0.0,0.0,0.0,0.0,0.0,0.0,0.0,0.0,0.0,0.01875901875901876,0.011063011063011063,0.0,0.0,0.0,0.0,0.0,0.0,0.0,0.0,0.0,0.0,0.0,0.0,0.0,0.02837902837902838,0.0,0.005772005772005772,0.0,0.0,0.003367003367003367,0.0,0.0,0.0,0.0,0.0,0.0,0.0,0.0,0.0,0.0,0.0,0.0,0.0,0.0,0.0,0.0,0.0,0.0,0.0,0.0,0.00962000962000962,0.0,0.003848003848003848,0.0,0.0,0.0,0.0,0.0,0.012025012025012025,0.0,0.0,0.0,0.0,0.0,0.0,0.0,0.0,0.0,0.0,0.0,0.1645021645021645,0.0,0.0,0.0,0.0,0.0,0.0,0.0,0.0,0.0,0.0,0.0,0.0,0.0,0.0,0.0,0.0
"X219653",0.0,0.0,0.00041407867494824016,0.0027950310559006213,0.005279503105590062,0.0,0.2731366459627329,0.00036231884057971015,0.0,0.0,0.0,0.0,0.0,0.0,0.0,0.0,0.0,0.0,0.0,0.0,0.16195652173913044,0.02458592132505176,0.013923395445134575,0.02665631469979296,0.0,0.0,0.015113871635610766,0.0,0.0,0.0007246376811594203,0.0,0.262008281573499,0.006004140786749482,0.002639751552795031,0.007401656314699793,0.0,0.02406832298136646,0.0,0.02127329192546584,0.0005693581780538302,0.0,0.0,0.0,0.0,0.0,0.0,0.0,0.0,0.0,0.0,0.0002587991718426501,0.0,0.0,0.0,0.013302277432712215,0.011387163561076604,0.0,0.0,0.0,0.0,0.0,0.0,0.0,0.0,0.0,0.015579710144927537,0.0,0.0,0.0,0.0,0.0,0.0,0.0,0.0,0.0,0.0,0.0,0.0,0.0,0.0,0.0,0.0,0.009006211180124223,0.0,0.0,0.0,0.0,0.0,0.0,0.0,0.0,0.0,0.0,0.0,0.0,0.0,0.0,0.0,0.0,0.0,0.0,0.0,0.0,0.0,0.0,0.0,0.0,0.0005693581780538302,0.0,0.0,0.02386128364389234,0.0,0.0,0.0,0.02044513457556936,0.0,0.0,0.0,0.0,0.0,0.0,0.0,0.0,0.0,0.0,0.0,0.055175983436853,0.00031055900621118014,0.0011904761904761906,0.0,0.0,0.0,0.0,0.0,0.0,0.0,0.0,0.0,0.0,0.0,0.0,0.0,0.0
"X219654",0.0,0.00018227109787957957,0.0007290843915183183,0.0037669360228446444,0.0038884500880976974,0.0,0.3850780727869251,0.013123519047329729,0.0004860562610122122,0.0,0.0,0.0,0.0,0.0,0.0028555805334467463,0.0,0.00036454219575915913,0.0,0.0,0.0,0.17540555319278206,0.012272920590558357,0.029953217084877574,0.010085667416003403,0.0,0.0,0.005468132936387387,0.0,0.0,0.0009113554893978978,0.0,0.1278327966462118,0.0072300868825566555,0.0012151406525305304,0.006440245458411811,0.0,0.03523907892338538,0.0,0.005285861838507808,0.0007290843915183183,0.0,0.0,0.0,0.0,0.0,0.0,0.0,0.0,0.0,0.0,0.00042529922838568566,0.0,0.00042529922838568566,0.0,0.01780181055957227,0.002491038337687587,0.0,0.0,0.0,0.0,0.0,0.0,0.0,0.0,0.0,0.022419345039188285,0.0,0.0,0.0,0.0,0.0,0.0,0.0,0.0,0.0,0.0,0.0,0.0,0.0,0.0,0.0,0.0,0.013305790145209308,0.0,0.0,0.0,0.0,0.0,0.0,0.0,0.0,0.0,0.0,0.0,0.0,0.0,0.0,0.0,0.0,0.0,0.0,0.0,0.0,0.0,0.0,0.0,0.0,0.0,0.0,0.0,0.002551795370314114,0.0,0.0,0.0,0.013123519047329729,0.0,0.0,0.0,0.0,0.0,0.0,0.0,0.0,0.0,0.0,0.0,0.09745428033294853,0.0,0.0014581687830366365,0.0,0.0,0.0,0.0,0.0,0.0,0.0,0.0,0.0,0.0,0.0,0.0,0.0,0.0
"X219693",0.0,0.00012025012025012025,0.0,0.0,0.0027657527657527657,0.0,0.4837662337662338,0.0,0.0,0.0,0.0,0.0,0.0,0.0013227513227513227,0.000962000962000962,0.0,0.0,0.0,0.0,0.0,0.3374218374218374,0.0,0.0027657527657527657,0.022005772005772004,0.0,0.0,0.0,0.0,0.00012025012025012025,0.0027657527657527657,0.0,0.04461279461279461,0.002284752284752285,0.047619047619047616,0.0,0.0,0.000481000481000481,0.0,0.0,0.0,0.0,0.0,0.0,0.0,0.0,0.0,0.0,0.0,0.0008417508417508417,0.00036075036075036075,0.0,0.0,0.00036075036075036075,0.0,0.025372775372775373,0.0,0.0,0.0,0.0,0.0,0.0,0.0,0.0,0.0,0.0,0.018037518037518036,0.0,0.0,0.0,0.0,0.0,0.0,0.0,0.0,0.00012025012025012025,0.0,0.0,0.0,0.0,0.0,0.0,0.0,0.0,0.0,0.0,0.0,0.0,0.0,0.0,0.0,0.0,0.0,0.0,0.0,0.0,0.0,0.0,0.0,0.0,0.0,0.0,0.0,0.0,0.0,0.0,0.0,0.0012025012025012026,0.0,0.0,0.0,0.002886002886002886,0.0,0.0,0.0,0.0018037518037518038,0.0,0.0,0.0,0.0,0.0,0.0,0.0,0.0,0.0,0.0,0.0,0.0,0.0,0.0,0.0,0.0,0.0,0.0,0.0,0.0,0.0,0.0,0.0,0.0,0.0,0.0,0.0,0.0
"X219668",0.0,0.016,0.0,0.0,0.0,0.0,0.008,0.0,0.0,0.0,0.0,0.0,0.0,0.0192,0.0,0.0,0.0,0.0,0.0,0.0,0.344,0.0,0.0304,0.024,0.0,0.0,0.0096,0.0,0.0,0.0,0.0,0.0032,0.0,0.0688,0.0,0.0,0.0112,0.0,0.0032,0.0,0.0,0.0,0.0,0.0,0.0,0.0,0.0,0.0,0.0,0.0,0.0,0.0,0.0,0.0,0.0,0.0,0.0,0.0,0.0,0.0,0.0,0.0,0.0,0.0,0.0,0.0,0.0,0.0,0.0,0.0,0.0,0.0,0.0,0.0,0.0,0.0,0.0,0.0,0.0,0.0,0.0,0.0,0.0,0.0,0.0,0.0,0.0,0.0,0.0,0.0,0.0,0.0,0.0,0.0,0.0,0.0,0.0,0.0,0.0,0.0,0.0,0.0,0.0,0.0,0.0,0.0,0.0016,0.0,0.0,0.0,0.272,0.0,0.0,0.0,0.1824,0.0,0.0,0.0,0.0,0.0,0.0,0.0,0.0,0.0,0.0,0.0,0.0016,0.0,0.0048,0.0,0.0,0.0,0.0,0.0,0.0,0.0,0.0,0.0,0.0,0.0,0.0,0.0,0.0
"X219675",0.0,0.00018006122081507713,0.0,0.0,0.00012004081387671808,0.0,0.06056059060080427,0.0,0.0,0.0,0.0,0.0,0.0,0.0017405918012124123,0.0006602244763219495,6.002040693835904e-05,0.0,0.0,0.0,0.0,0.13534601764599963,0.002760938719164516,0.1301242422423624,0.007082408018726367,0.0,0.0,0.0004201428485685133,0.0,0.0,0.0006002040693835905,0.0,0.2032891183002221,0.0,0.008342836564431907,0.0,0.0,6.002040693835904e-05,0.0,0.41594142008282814,0.0007802652901986675,0.0,0.0,0.0004801632555068723,0.0,0.0,0.0,0.0,0.0,0.0,0.0,0.0,0.0,0.0,0.0,0.004741612148130364,0.02130724446311746,0.00024008162775343615,0.0,0.0,0.0,0.0,0.0,0.0,0.0,0.0,0.0,0.0,0.0,0.00024008162775343615,0.0,0.0,0.0,0.0,0.0,0.0,0.0,0.0,0.0,0.0,0.0,0.0,0.0,0.0,0.0,0.0,0.0,0.0,0.0,0.0,0.0,0.0,0.0,0.0,0.0,0.0,0.0,0.0,0.0,0.0,0.0,0.0,0.0,0.0,0.0,0.0,0.0,0.0,0.0,0.0,0.0,0.0008402856971370266,0.0,0.0,0.0,0.002640897905287798,0.0,0.0,0.0,0.0,0.0,0.0,0.0,0.0,0.0,0.00030010203469179523,0.0,0.00012004081387671808,0.0010203469179521038,0.0,0.0,0.0,0.0,0.0,0.0,0.0,0.0,0.0,0.0,0.0,0.0,0.0,0.0,0.0
"X219676",0.0,0.00013214694740551494,0.0,0.00013214694740551494,0.00044048982468504976,0.0,0.09351598978063606,4.404898246850498e-05,0.00022024491234252488,4.404898246850498e-05,0.0,0.0,0.0,0.0002642938948110299,0.0,0.0,0.0,0.0,0.0,0.0,0.1964144128270637,0.007576424984582856,0.09686371244824245,0.02700202625319355,0.0,0.0,0.001938155228614219,0.0003523918597480398,0.0,0.001761959298740199,0.0,0.1735970399083781,0.0,0.023037617831028104,4.404898246850498e-05,0.0,0.0,0.0,0.3396617038146419,0.002731036913047309,0.00013214694740551494,0.0,0.0014976654039291692,0.0,0.0,0.0,0.0,0.0,0.0,0.0,0.0,0.0,0.0,0.0,0.0034358206325433883,0.02087921769007136,0.0,0.0,0.0,0.0,0.0,0.0,0.0,0.0,0.0,0.0,0.0,0.0,0.0,0.0,0.0,0.0,0.0,0.0,4.404898246850498e-05,0.0,0.0,0.0,0.0,0.0,0.0,0.0,0.0,0.0,0.0,0.0,0.0,0.0,0.0,0.0,0.0,0.0,0.0,0.0,0.0,0.0,0.0,0.0,0.0,0.0,0.0,0.0,0.0,0.0,0.0,0.0,4.404898246850498e-05,0.0,0.0,0.0,0.0008369306669015945,0.0,0.0,0.0,0.0036120165624174082,0.0,0.0,0.0,0.0,0.0,0.0,0.0,0.0,0.0,0.0,0.0,0.0,0.003744163509822923,0.0,0.0,0.0,0.0,0.0,0.0,0.0,0.0,0.0,0.0,0.0,0.0,0.0,0.0,0.0
"X219691",0.0,0.0,0.0,6.02627455706882e-05,0.0001205254911413764,0.0,0.24099071953718212,0.0017476196215499577,0.0,0.0,0.0,0.0,0.0,6.02627455706882e-05,0.0006628902012775702,0.0,0.0,0.0,0.0003615764734241292,0.0,0.5629143063757985,0.0001807882367120646,0.007593105941906713,0.010244666747016995,0.0,0.0,0.0001807882367120646,0.0,0.0,0.0009642039291310112,0.0,0.11588525973243341,6.02627455706882e-05,0.005483909846932626,0.0,0.0,0.0020489333494033988,0.0,0.0031336627696757864,0.0002410509822827528,0.0,0.0,0.0004218392189948174,0.0,0.0,0.0,0.0,0.0,0.0,0.0,0.0,0.0,0.0,0.0,0.0,0.000301313727853441,0.0,0.0,0.0,0.0,0.0,0.0,0.0,0.0,0.0,0.0,0.0,0.0,0.0,0.0,0.0,0.0,0.0,0.0,0.0,0.0,0.0,0.0,0.0,0.0,0.0,0.0,0.0,0.0,0.0,0.0,0.0,0.0,0.0,0.0,0.0,0.0,0.0,0.0,0.0,0.0,0.0,0.0,0.0,0.0010244666747016994,0.0,0.0,0.0,0.0,0.0,0.0,6.02627455706882e-05,6.02627455706882e-05,0.0,0.0,0.0007834156924189466,0.0,0.0,0.0,0.04399180426660239,0.0,0.0,0.0,0.0,0.0,0.0,0.0,0.0,0.0,0.0,0.0,0.0,0.0003615764734241292,6.02627455706882e-05,0.0,0.0,0.0,0.0,0.0,0.0,0.0,0.0,0.0,0.0,0.0,0.0,0.0,0.0
"X219692",0.0,0.0,0.0,0.0,0.0,0.0,0.0,0.175,0.0,0.0,0.0,0.0,0.0,0.0,0.075,0.0,0.0,0.0,0.0,0.0,0.0,0.0,0.0,0.0,0.0,0.0,0.0,0.0,0.0,0.0,0.0,0.14166666666666666,0.0,0.0,0.0,0.0,0.0,0.0,0.4,0.008333333333333333,0.0,0.0,0.0,0.0,0.0,0.0,0.0,0.0,0.0,0.0,0.0,0.11666666666666667,0.0,0.0,0.0,0.0,0.0,0.0,0.0,0.0,0.0,0.0,0.0,0.0,0.0,0.0,0.0,0.0,0.0,0.0,0.0,0.0,0.0,0.0,0.0,0.0,0.0,0.0,0.0,0.0,0.0,0.0,0.0,0.0,0.0,0.0,0.0,0.0,0.0,0.0,0.0,0.0,0.0,0.0,0.0,0.0,0.0,0.0,0.0,0.0,0.0,0.0,0.0,0.0,0.0,0.0,0.0,0.0,0.0,0.0,0.0,0.0,0.0,0.0,0.08333333333333333,0.0,0.0,0.0,0.0,0.0,0.0,0.0,0.0,0.0,0.0,0.0,0.0,0.0,0.0,0.0,0.0,0.0,0.0,0.0,0.0,0.0,0.0,0.0,0.0,0.0,0.0,0.0,0.0
