"","Alphaproteobacteria","Betaproteobacteria","Clostridia","Bacteroidia","Gammaproteobacteria","Actinobacteria","JG30_KF_CM66","Solibacteres","Thermoleophilia","Flavobacteriia","Sphingobacteriia","Bacilli","Blastocatellia","Negativicutes","Erysipelotrichia","WCHB1_32","Spartobacteria","Fusobacteriia","Deinococci","Coriobacteriia","Fibrobacteria","Opitutae","Mollicutes","Chloroflexia","Spirochaetes","Acidimicrobiia","Cytophagia","Cyanobacteria","Melainabacteria","Deltaproteobacteria","Subgroup_6","Epsilonproteobacteria","Synergistia","MB_A2_108","Nitrospira","Caldilineae","Planctomycetacia","Verrucomicrobia_Incertae_Sedis","Anaerolineae","WCHA1_57","Chlorobia","OPB35_soil_group","Tectomicrobia(phylum)","Lentisphaeria","Methanobacteria","Thermomicrobia","Proteobacteria_Incertae_Sedis","Thermoplasmata","Candidatus_Falkowbacteria","Chloroplast","Gitt_GS_136","Bacteroidetes_vadinHA17","Cyanobacteria(phylum)","Holophagae","ML635J_21","Acidobacteria","Oligosphaeria","KD4_96","Verrucomicrobiae","uncultured","TK10","Candidatus_Nomurabacteria","Gemmatimonadetes","Latescibacteria(phylum)","UA11","Subgroup_2","Elusimicrobia"
"X206695",0.0186335403726708,0.0062111801242236,0.263975155279503,0.13871635610765998,0.4192546583850928,0.0217391304347826,0.0,0.0,0.0,0.0,0.0,0.0300207039337474,0.0,0.0196687370600414,0.0,0.0,0.0,0.0093167701863354,0.0010351966873706,0.0041407867494824,0.0,0.0,0.0,0.0,0.0,0.0,0.0,0.0,0.0,0.0144927536231884,0.0,0.0,0.0,0.0,0.0,0.0,0.0,0.0,0.0,0.0,0.0,0.0,0.0,0.0,0.0,0.0,0.0,0.0,0.0,0.05175983436853,0.0,0.0,0.0,0.0,0.0,0.0,0.0,0.0,0.0010351966873706,0.0,0.0,0.0,0.0,0.0,0.0,0.0,0.0
"X206700",0.0,0.0028191436436602454,0.19996020032503067,0.20277934396869052,0.30171470266326195,0.0,0.0,0.0,0.0,0.0,0.0,0.0033498059765845237,0.0,0.07429272660939931,0.02016516865112271,0.0,0.0,0.19200026533116651,0.0,6.63327916155351e-05,0.0,0.0,0.0,0.0,0.0,0.0,0.0,0.0,0.0,0.0,0.0,0.00285231003946801,0.0,0.0,0.0,0.0,0.0,0.0,0.0,0.0,0.0,0.0,0.0,0.0,0.0,0.0,0.0,0.0,0.0,0.0,0.0,0.0,0.0,0.0,0.0,0.0,0.0,0.0,0.0,0.0,0.0,0.0,0.0,0.0,0.0,0.0,0.0
"X206757",0.0,0.0,0.2861706048568738,0.49617101437405337,0.02141774847454854,0.019861583193414967,0.0,0.0,0.0,0.0,0.0,0.01019697776321717,0.0,0.14505098488881568,0.020926327859453694,0.0,0.0,4.09517179245669e-05,0.0,8.19034358491339e-05,0.0,0.0,0.0,0.0,0.0,0.0,0.0,0.0,0.0,4.09517179245669e-05,0.0,4.09517179245669e-05,0.0,0.0,0.0,0.0,0.0,0.0,0.0,0.0,0.0,0.0,0.0,0.0,0.0,0.0,0.0,0.0,0.0,0.0,0.0,0.0,0.0,0.0,0.0,0.0,0.0,0.0,0.0,0.0,0.0,0.0,0.0,0.0,0.0,0.0,0.0
"X206758",0.0,0.0,0.33864912217971177,0.43805198984517474,0.021739907748417726,0.01362319876997894,0.0,0.0,0.0,0.0,0.0,0.014731648013730472,0.0,0.1571494976221975,0.015267994421997354,0.0,0.0,0.000250294990524547,0.0,0.0005005899810490934,0.0,0.0,0.0,0.0,0.0,0.0,0.0,0.0,0.0,0.0,0.0,3.57564272177924e-05,0.0,0.0,0.0,0.0,0.0,0.0,0.0,0.0,0.0,0.0,0.0,0.0,0.0,0.0,0.0,0.0,0.0,0.0,0.0,0.0,0.0,0.0,0.0,0.0,0.0,0.0,0.0,0.0,0.0,0.0,0.0,0.0,0.0,0.0,0.0
"X206702",0.0,0.0005357908272610377,0.0013394770681525925,0.00300042863266181,0.9919095585083583,5.35790827261037e-05,0.0,0.0,0.0,0.000964423489069867,0.0,0.000964423489069867,0.0,0.0,0.00032147449635662267,0.0,0.0,0.0,0.0,0.0,0.0,0.0,0.0,0.0,0.0,0.0,0.000910844406343763,0.0,0.0,0.0,0.0,0.0,0.0,0.0,0.0,0.0,0.0,0.0,0.0,0.0,0.0,0.0,0.0,0.0,0.0,0.0,0.0,0.0,0.0,0.0,0.0,0.0,0.0,0.0,0.0,0.0,0.0,0.0,0.0,0.0,0.0,0.0,0.0,0.0,0.0,0.0,0.0
"X206701",0.0,0.00169072701261542,0.004812069189751585,0.004421901417609573,0.9751593185069577,0.0018207829366627612,0.0,0.0,0.0,0.0013005592404734,0.0,0.00416178956951489,0.0,0.00104044739237872,0.0,0.0,0.0,0.00507218103784627,0.000520223696189361,0.0,0.0,0.0,0.0,0.0,0.0,0.0,0.0,0.0,0.0,0.0,0.0,0.0,0.0,0.0,0.0,0.0,0.0,0.0,0.0,0.0,0.0,0.0,0.0,0.0,0.0,0.0,0.0,0.0,0.0,0.0,0.0,0.0,0.0,0.0,0.0,0.0,0.0,0.0,0.0,0.0,0.0,0.0,0.0,0.0,0.0,0.0,0.0
"X206708",0.0,0.003911678418858404,0.6235524216377576,0.3273457203149934,0.002367594832466931,0.001029389057594318,0.0,0.0,0.0,0.0,0.00025734726439858,0.003191106078542381,0.0,0.005249884193731017,0.029543465952956916,0.0,0.0,0.001132327963353749,0.0,0.000514694528797159,0.0,0.0,0.0,0.0,0.0,0.0,0.0,0.0,0.0,0.00190436975654949,0.0,0.0,0.0,0.0,0.0,0.0,0.0,0.0,0.0,0.0,0.0,0.0,0.0,0.0,0.0,0.0,0.0,0.0,0.0,0.0,0.0,0.0,0.0,0.0,0.0,0.0,0.0,0.0,0.0,0.0,0.0,0.0,0.0,0.0,0.0,0.0,0.0
"X206709",0.0,0.02079049577336075,0.39643591501028086,0.5467671921407353,0.0037925519762394277,0.0001827735892163582,0.0,0.0,0.0,0.0,0.0,0.0009595613433858808,0.0,0.009367146447338359,0.006351382225268448,0.0,0.0,0.000502627370344985,0.0,0.000731094356865432,0.0,0.0,0.0,0.0,0.0,0.0,0.0,0.0,0.0,0.0141192597669637,0.0,0.0,0.0,0.0,0.0,0.0,0.0,0.0,0.0,0.0,0.0,0.0,0.0,0.0,0.0,0.0,0.0,0.0,0.0,0.0,0.0,0.0,0.0,0.0,0.0,0.0,0.0,0.0,0.0,0.0,0.0,0.0,0.0,0.0,0.0,0.0,0.0
"X206746",4.10172272354389e-05,0.0005742411812961448,0.5054552912223138,0.41267432321575065,0.03506972928630026,0.0008203445447087778,0.0,0.0,0.0,0.0,0.0,0.007424118129614442,0.0,0.014602132895816236,0.013412633305988473,0.0,0.0,0.00143560295324036,0.0,0.000287120590648072,0.0,0.0,0.0,0.0,0.0,0.0,0.0,0.0,0.0,0.0079163248564397,0.0,0.000123051681706317,0.0,0.0,0.0,0.0,0.0,0.0,0.0,0.0,0.0,0.0,0.0,0.0,0.0,0.0,0.0,0.0,0.0,0.0,0.0,0.0,0.0,0.0,0.0,0.0,0.0,0.0,0.000164068908941756,0.0,0.0,0.0,0.0,0.0,0.0,0.0,0.0
"X206747",0.0,0.0004204109517052915,0.49529665247779725,0.4507330915970362,0.026485889957433343,0.0008408219034105836,0.0,0.0,0.0,0.0,0.0,0.003100530768826523,0.0,0.008355667665142676,0.007146986178989957,0.0,0.0,0.00199695202060014,0.0,0.0002102054758526455,0.0,0.0,0.0,0.0,0.0,0.0,0.0,0.0,0.0,0.00530768826527931,0.0,0.000105102737926323,0.0,0.0,0.0,0.0,0.0,0.0,0.0,0.0,0.0,0.0,0.0,0.0,0.0,0.0,0.0,0.0,0.0,0.0,0.0,0.0,0.0,0.0,0.0,0.0,0.0,0.0,0.0,0.0,0.0,0.0,0.0,0.0,0.0,0.0,0.0
"X206704",0.0,0.020413673921261526,0.5386401684938165,0.2893017227412643,0.06242911918777343,0.002322190419614407,0.0,0.0,0.0,0.0,0.0,0.02041367392126152,0.0,0.05751471620672897,0.001080088567262516,0.0,0.0,0.001080088567262516,0.0,0.001242101852351892,0.0,0.0,0.0,0.0,0.0,0.0,0.0,0.0,0.0,0.0033482745585138,0.0,0.0,0.0,0.0,0.0,0.0,0.0,0.0,0.0,0.0,0.0,0.0,0.0,0.0,0.0,0.0,0.0,0.0,0.0,0.0,0.0,0.0,0.0,0.0,0.0,0.0,0.0,0.0,0.00221418156288816,0.0,0.0,0.0,0.0,0.0,0.0,0.0,0.0
"X206703",0.0002350866882162798,0.00910960916838084,0.34728181016749926,0.5416985013223622,0.04278577725536295,0.0007640317367029089,0.0,0.0,0.0,0.0,0.0,0.01057890096973259,0.0,0.035733176608874526,0.0011754334410813997,0.0,0.0,0.000999118424919189,0.0,0.00035263003232442,0.0,0.0,0.0,0.0,0.0,0.0,0.0,0.0,0.0,0.00717014399059653,0.0,0.0,0.0,0.0,0.0,0.0,0.0,0.0,0.0,0.0,0.0,0.0,0.0,0.0,0.0,0.0,0.0,0.0,0.0,0.0,0.0,0.0,0.0,0.0,0.0,0.0,0.0,0.0,0.00211578019394652,0.0,0.0,0.0,0.0,0.0,0.0,0.0,0.0
"X206753",3.86249517188103e-05,0.009115488605639245,0.5033989957512555,0.3954036307454619,0.0022016222479721882,0.0018539976825028917,0.0,0.0,0.0,0.0,0.0,0.011896485129393581,0.0,0.049362688296639555,0.0011973735032831212,0.0,0.0,0.000231749710312862,0.0,0.00015449980687524132,0.0,0.0,0.00135187331015836,0.0,0.0,0.0,0.0,0.0,0.0,0.00915411355735805,0.0,0.0,0.0,0.0,0.0,0.0,0.0,0.0,0.0,0.0,0.0,0.0,0.0,0.0,0.0,0.0,0.0,0.0,0.0,3.86249517188103e-05,0.0,0.0,0.0,0.0,0.0,0.0,0.0,0.0,0.0146002317497103,0.0,0.0,0.0,0.0,0.0,0.0,0.0,0.0
"X206752",3.57040845472722e-05,0.00692659240217081,0.39495858326192473,0.4647957726363897,0.002035132819194515,0.001392459297343614,0.0,0.0,0.0,0.0,0.0,0.018244787203656052,0.0,0.05580548414738645,0.001570979720079977,0.0,0.0,0.000214224507283633,0.0,0.0001785204227363612,0.0,0.0,0.00117823479005998,0.0,0.0,0.0,0.0,0.0,0.0,0.00574835761211083,0.0,0.0,0.0,0.0,0.0,0.0,0.0,0.0,0.0,0.0,0.0,0.0,0.0,0.0,0.0,0.0,0.0,0.0,0.0,0.0,0.0,0.0,0.0,0.0,0.0,0.0,0.0,0.0,0.0469151670951157,0.0,0.0,0.0,0.0,0.0,0.0,0.0,0.0
"X206711",0.0,0.0001299207483435105,0.5793599237798274,0.34138841973063083,0.0009527521545190764,0.0029015633796717335,0.0,0.0,0.0,0.0,0.0,0.0013858213156641111,0.0,0.046944697068121745,0.021740071889480767,0.0,0.0,0.000259841496687021,0.0,0.002771642631328227,0.0,0.0,0.0,0.0,0.0,0.0,0.0,0.0,0.0,0.00212203888961067,0.0,0.0,0.0,0.0,0.0,0.0,0.0,0.0,0.0,0.0,0.0,0.0,0.0,0.0,0.0,0.0,0.0,0.0,0.0,0.0,0.0,0.0,0.0,0.0,0.0,0.0,0.0,0.0,4.33069161145035e-05,0.0,0.0,0.0,0.0,0.0,0.0,0.0,0.0
"X206710",0.0,0.0,0.5187714918272178,0.3864053888548686,0.001507371991144194,0.006359225587639553,0.0,0.0,0.0,0.0,0.0,0.008997126572141882,0.0,0.05049696170333033,0.015921616656460476,0.0,0.0,0.000518159121955815,0.0,0.00390974610203024,0.0,0.0,0.0,0.0,0.0,0.0,0.0,0.0,0.0,0.00711291158321164,0.0,0.0,0.0,0.0,0.0,0.0,0.0,0.0,0.0,0.0,0.0,0.0,0.0,0.0,0.0,0.0,0.0,0.0,0.0,0.0,0.0,0.0,0.0,0.0,0.0,0.0,0.0,0.0,0.0,0.0,0.0,0.0,0.0,0.0,0.0,0.0,0.0
"X206713",4.76917207172835e-05,0.00133536818008394,0.2578214421976346,0.7111312476154138,0.0006676840900419686,0.001573826783670352,0.0,0.0,0.0,9.5383441434567e-05,0.0,0.0014307516215185038,0.0,0.006438382296833271,0.001526135062953071,0.0,0.0,0.00543685616177032,0.0,0.0006676840900419684,0.0,0.0,0.0,0.0,0.0,0.0,0.0,0.0,0.0,0.0118275467378863,0.0,0.0,0.0,0.0,0.0,0.0,0.0,0.0,0.0,0.0,0.0,0.0,0.0,0.0,0.0,0.0,0.0,0.0,0.0,0.0,0.0,0.0,0.0,0.0,0.0,0.0,0.0,0.0,0.0,0.0,0.0,0.0,0.0,0.0,0.0,0.0,0.0
"X206712",0.0,0.000736139866574649,0.3703703703703709,0.5896020243846326,0.0011042097998619743,0.003082585691281343,0.0,0.0,0.0,0.0,0.0,0.0013342535081665523,0.0,0.00515297906602254,0.008189556015642967,0.0,0.0,0.00676328502415459,0.0,0.0023464458247066966,0.0,0.0,0.0,0.0,0.0,0.0,0.0,0.0,0.0,0.0111801242236025,0.0,0.000138026224982747,0.0,0.0,0.0,0.0,0.0,0.0,0.0,0.0,0.0,0.0,0.0,0.0,0.0,0.0,0.0,0.0,0.0,0.0,0.0,0.0,0.0,0.0,0.0,0.0,0.0,0.0,0.0,0.0,0.0,0.0,0.0,0.0,0.0,0.0,0.0
"X206719",0.0,0.004528172924943396,0.47293775898158813,0.49476696996881586,0.0008116536374898539,0.00111068392498612,0.0,0.0,0.0,8.5437224998932e-05,0.0,8.5437224998932e-05,0.0,0.004400017087444998,0.012772865137340376,0.0,0.0,0.0,0.0,0.00042718612499466,0.0,0.0,0.0,0.0,0.0,0.0,0.0,0.0,0.0,0.00803109914989961,0.0,4.2718612499466e-05,0.0,0.0,0.0,0.0,0.0,0.0,0.0,0.0,0.0,0.0,0.0,0.0,0.0,0.0,0.0,0.0,0.0,0.0,0.0,0.0,0.0,0.0,0.0,0.0,0.0,0.0,0.0,0.0,0.0,0.0,0.0,0.0,0.0,0.0,0.0
"X206718",0.0,0.0037156304186276947,0.46494921971761255,0.5189497151350017,0.000495417389150359,0.0004334902155065639,0.0,0.0,0.0,0.0,6.19271736437949e-05,0.0006192717364379488,0.0,0.0026628684666831796,0.005016101065147383,0.0,0.0,0.0,0.0,6.19271736437949e-05,0.0,0.0,0.0,0.0,0.0,0.0,0.0,0.0,0.0,0.00297250433490215,0.0,0.0,0.0,0.0,0.0,0.0,0.0,0.0,0.0,0.0,0.0,0.0,0.0,0.0,0.0,0.0,0.0,0.0,0.0,0.0,0.0,0.0,0.0,0.0,0.0,0.0,0.0,0.0,6.19271736437949e-05,0.0,0.0,0.0,0.0,0.0,0.0,0.0,0.0
"X206720",0.0,0.03931455296137966,0.32248163981146594,0.578720450144324,0.009682487485841648,0.0008403668383938034,0.0,0.0,0.0,0.0,0.0,0.001242281413277796,0.0,0.03467426650590084,0.002374949760678141,0.0,0.0,0.00189995980854251,0.0,0.00029230150900654,0.0,0.0,0.0,0.0,0.0,0.0,0.0,0.0,0.0,0.00847674376118967,0.0,0.0,0.0,0.0,0.0,0.0,0.0,0.0,0.0,0.0,0.0,0.0,0.0,0.0,0.0,0.0,0.0,0.0,0.0,0.0,0.0,0.0,0.0,0.0,0.0,0.0,0.0,0.0,0.0,0.0,0.0,0.0,0.0,0.0,0.0,0.0,0.0
"X206721",0.000129612027996198,0.05054869091851727,0.28596733776894456,0.6090901235634668,0.001512140326622312,0.000475244102652726,0.0,0.0,0.0,4.3204009332066e-05,0.0,0.000518448111984792,0.0,0.03957487254817246,0.001684956363950572,0.0,0.0,0.00233301650393156,0.0,0.000172816037328264,0.0,0.0,0.0,0.0,0.0,0.0,0.0,0.0,0.0,0.00794953771710015,0.0,0.0,0.0,0.0,0.0,0.0,0.0,0.0,0.0,0.0,0.0,0.0,0.0,0.0,0.0,0.0,0.0,0.0,0.0,0.0,0.0,0.0,0.0,0.0,0.0,0.0,0.0,0.0,0.0,0.0,0.0,0.0,0.0,0.0,0.0,0.0,0.0
"X206723",0.0,0.0,0.1358024691358025,0.037037037037037,0.8148148148148147,0.0,0.0,0.0,0.0,0.0,0.0,0.0,0.0,0.0,0.0123456790123457,0.0,0.0,0.0,0.0,0.0,0.0,0.0,0.0,0.0,0.0,0.0,0.0,0.0,0.0,0.0,0.0,0.0,0.0,0.0,0.0,0.0,0.0,0.0,0.0,0.0,0.0,0.0,0.0,0.0,0.0,0.0,0.0,0.0,0.0,0.0,0.0,0.0,0.0,0.0,0.0,0.0,0.0,0.0,0.0,0.0,0.0,0.0,0.0,0.0,0.0,0.0,0.0
"X206724",0.0,0.008480403392161353,0.28107571243028534,0.16494766597906613,0.5323172129268855,0.000267400106960043,0.0,0.0,0.0,3.82000152800061e-05,0.0,0.005118802047520814,0.0,0.001031400412560164,0.000496600198640079,0.0,0.0,0.00538620215448086,0.0,0.0001910000764000301,0.0,0.0,0.0,0.0,0.000191000076400031,0.0,0.0,0.0,0.0,0.000267400106960043,0.0,0.000191000076400031,0.0,0.0,0.0,0.0,0.0,0.0,0.0,0.0,0.0,0.0,0.0,0.0,0.0,0.0,0.0,0.0,0.0,0.0,0.0,0.0,0.0,0.0,0.0,0.0,0.0,0.0,0.0,0.0,0.0,0.0,0.0,0.0,0.0,0.0,0.0
"X206726",0.0,0.000125449527473447,0.5385130049343477,0.42414485238772254,0.005185247135569123,0.0005854311282094174,0.0,0.0,0.0,0.0,0.0,0.00037634858242034,0.0,0.0132558334030275,0.007359705611775526,0.0,0.0,0.00899054946893033,0.0,0.00020908254578907748,0.0,0.0,0.0,0.0,0.0,0.0,0.0,0.0,0.0,0.000669064146525048,0.0,0.000585431128209417,0.0,0.0,0.0,0.0,0.0,0.0,0.0,0.0,0.0,0.0,0.0,0.0,0.0,0.0,0.0,0.0,0.0,0.0,0.0,0.0,0.0,0.0,0.0,0.0,0.0,0.0,0.0,0.0,0.0,0.0,0.0,0.0,0.0,0.0,0.0
"X206725",0.0,0.000112807400165451,0.6570279010303077,0.3004813115740397,0.009400616680454237,0.000188012333609085,0.0,0.0,0.0,0.0,0.0,0.000300819733774536,0.0,0.0072948785440324895,0.003459426938407164,0.0,0.0,0.0205685492968339,0.0,7.5204933443634e-05,0.0,0.0,0.0,0.0,0.0,0.0,0.0,0.0,0.0,0.000188012333609085,0.0,0.000902459201323607,0.0,0.0,0.0,0.0,0.0,0.0,0.0,0.0,0.0,0.0,0.0,0.0,0.0,0.0,0.0,0.0,0.0,0.0,0.0,0.0,0.0,0.0,0.0,0.0,0.0,0.0,0.0,0.0,0.0,0.0,0.0,0.0,0.0,0.0,0.0
"X206728",0.000183358392313616,0.03307785397337637,0.648355275220947,0.2498808170449957,0.016942315449778145,0.000440060141552678,0.0,0.0,0.0,3.66716784627232e-05,3.66716784627232e-05,0.0013201804246580357,0.0,0.005757453518647547,0.006564230444827465,0.0,0.0,0.0285305658439987,3.66716784627232e-05,0.00047673182001540246,0.0,0.0,0.0,0.0,0.0,0.0,0.0,0.0,0.0,0.00825112765411273,0.0,0.00011001503538817,0.0,0.0,0.0,0.0,0.0,0.0,0.0,0.0,0.0,0.0,0.0,0.0,0.0,0.0,0.0,0.0,0.0,0.0,0.0,0.0,0.0,0.0,0.0,0.0,0.0,0.0,0.0,0.0,0.0,0.0,0.0,0.0,0.0,0.0,0.0
"X206727",3.8099592334362e-05,0.06690288413913972,0.550462910046863,0.29028079399550444,0.04724349449460889,0.000800091439021602,0.0,0.0,0.0,0.0,0.0,0.000647693069684154,0.0,0.003543262087095666,0.006705528250847714,0.0,0.0,0.0240408427629824,0.0,0.000266697146340534,0.0,0.0,0.0,0.0,0.0,0.0,0.0,0.0,0.0,0.00906770297557816,0.0,0.0,0.0,0.0,0.0,0.0,0.0,0.0,0.0,0.0,0.0,0.0,0.0,0.0,0.0,0.0,0.0,0.0,0.0,0.0,0.0,0.0,0.0,0.0,0.0,0.0,0.0,0.0,0.0,0.0,0.0,0.0,0.0,0.0,0.0,0.0,0.0
"X206730",0.0,0.000134625740441572,0.22051696284329575,0.2660204631125472,0.4886914378029076,0.0018847603661820119,0.0,0.0,0.0,0.0,0.000942380183091007,0.005788906838987609,0.0,0.000673128702207862,0.011443187937533659,0.0,0.0,0.00188476036618201,0.0,0.000269251480883145,0.0,0.0,0.0,0.0,0.0,0.0,0.0,0.0,0.0,0.0,0.0,0.000942380183091007,0.0,0.0,0.0,0.0,0.0,0.0,0.0,0.0,0.0,0.0,0.0,0.0,0.0,0.00053850296176629,0.0,0.0,0.0,0.0,0.0,0.0,0.0,0.0,0.0,0.0,0.0,0.0,0.0,0.0,0.0,0.0,0.0,0.000269251480883145,0.0,0.0,0.0
"X206729",0.0,0.0021049861860281496,0.42921983949480313,0.06584659913169319,0.31035390080252645,0.005065123010130248,0.0,0.0,0.0,0.000986712274700697,0.0,0.11103802131298507,0.0,0.05512432574661232,0.0030916984607288487,0.0,0.0,0.011248519931587951,0.000394684909880279,0.00473621891856335,0.0,0.0,0.0,0.0,0.0,0.0,0.0,0.0,0.0,0.000197342454940139,0.0,0.000592027364820418,0.0,0.0,0.0,0.0,0.0,0.0,0.0,0.0,0.0,0.0,0.0,0.0,0.0,0.0,0.0,0.0,0.0,0.0,0.0,0.0,0.0,0.0,0.0,0.0,0.0,0.0,0.0,0.0,0.0,0.0,0.0,0.0,0.0,0.0,0.0
"X206732",0.0,0.015115830942491373,0.37528368946173946,0.5619834710743804,0.003554147218772747,0.01464479938337685,0.0,0.0,0.0,4.28210508285873e-05,0.0,0.0001712842033143493,0.0,0.014987367790005588,0.004496210337001673,0.0,0.0,0.000342568406628699,0.0,0.00042821050828587367,0.0,0.0,0.0,0.0,0.0,0.0,0.0,0.0,0.0,0.00616623131931657,0.0,0.0,0.0,0.0,0.0,0.0,0.0,0.0,0.0,0.0,0.0,0.0,0.0,0.002697726202200999,8.56421016571747e-05,0.0,0.0,0.0,0.0,0.0,0.0,0.0,0.0,0.0,0.0,0.0,0.0,0.0,0.0,0.0,0.0,0.0,0.0,0.0,0.0,0.0,0.0
"X206731",0.0,0.010693454309786141,0.4293178872326638,0.5051847051198961,0.0016607258587167896,0.01599967595593005,0.0,0.0,0.0,0.0,0.0,0.012880751782242397,0.0,0.01186811406351266,0.0061568373298768585,0.0,0.0,0.0,0.0,0.0004050550874918988,0.0,0.0,0.0,0.0,0.0,0.0,0.0,0.0,0.0,0.0046176279974076495,0.0,0.0,0.0,0.0,0.0,0.0,0.0,0.0,0.0,0.0,0.0,0.0,0.0,0.00109364873622813,0.00012151652624757,0.0,0.0,0.0,0.0,0.0,0.0,0.0,0.0,0.0,0.0,0.0,0.0,0.0,0.0,0.0,0.0,0.0,0.0,0.0,0.0,0.0,0.0
"X206754",0.002883342786916241,0.021601436944602048,0.47958026091888833,0.36311211949328803,0.030487804878048738,0.013754963131026659,0.0,0.0,0.0001418037436188315,0.0,0.0,0.004017772735866891,0.000189071658158442,0.009169975420684439,0.03393836263944027,0.0,0.0,0.0266118358858007,0.0,0.005577613915674045,0.0,4.72679145396105e-05,0.0,0.0,0.0,0.0,0.000189071658158442,0.0,0.0,0.00751559841179808,0.000378143316316884,0.0,0.0,0.0,0.0,0.0,0.0,0.0,0.0,0.0,0.0,0.0,0.0,0.0,0.000330875401777274,0.000189071658158442,0.0,0.0,0.0,4.72679145396105e-05,0.0,0.0,0.0,0.0,0.0,0.0,0.0,0.0,0.000236339572698053,0.0,0.0,0.0,0.0,0.0,0.0,0.0,0.0
"X206734",0.0,0.02529813410528308,0.20417859727510154,0.6810043736823891,0.07677543186180422,3.14653409269689e-05,0.0,0.0,0.0,0.0,0.0,0.0001573267046348447,0.0,0.0026430886378653907,0.0006293068185393789,0.0,0.0,0.00843271136842768,0.0,0.0008495642050281619,0.0,0.0,0.0,0.0,0.0,0.0,0.0,0.0,0.0,0.0,0.0,0.0,0.0,0.0,0.0,0.0,0.0,0.0,0.0,0.0,0.0,0.0,0.0,0.0,0.0,0.0,0.0,0.0,0.0,0.0,0.0,0.0,0.0,0.0,0.0,0.0,0.0,0.0,0.0,0.0,0.0,0.0,0.0,0.0,0.0,0.0,0.0
"X206733",0.0,0.012425877806649312,0.22503164767806,0.7124392031447795,0.04080884802451864,3.33133453261377e-05,0.0,0.0,0.0,0.0,0.0,0.0003664467985875146,0.0,0.0025651275901125955,0.0004997001798920647,0.0,0.0,0.00489706176294223,0.0,0.0008994603238057163,0.0,0.0,0.0,0.0,0.0,0.0,0.0,0.0,0.0,0.0,0.0,0.0,0.0,0.0,0.0,0.0,0.0,0.0,0.0,0.0,0.0,0.0,0.0,0.0,0.0,0.0,0.0,0.0,0.0,0.0,0.0,0.0,0.0,0.0,0.0,0.0,0.0,0.0,3.33133453261377e-05,0.0,0.0,0.0,0.0,0.0,0.0,0.0,0.0
"X206739",3.77700558996827e-05,0.013710530291584783,0.6778214231757063,0.2640126907387823,0.002039583018582867,0.004607946819761299,0.0,0.0,0.0,0.0,0.0,0.0010953316210907992,0.0,0.013899380571083253,0.018507327390844583,0.0,0.0,0.00030216044719746167,0.0,0.0005665508384952407,0.0,0.0,0.0,0.0,0.0,0.0,3.77700558996827e-05,0.0,0.0,0.00321045475147303,0.0,7.55401117993655e-05,0.0,0.0,0.0,0.0,0.0,0.0,0.0,0.0,0.0,0.0,0.0,0.0,0.0,0.0,0.0,0.0,0.0,0.0,0.0,0.0,0.0,0.0,0.0,0.0,0.0,0.0,7.55401117993655e-05,0.0,0.0,0.0,0.0,0.0,0.0,0.0,0.0
"X206738",0.0006789250353606785,0.0205940594059406,0.6386421499292791,0.26489391796322526,0.007581329561527581,0.00277227722772277,0.0,0.0,0.000113154172560113,0.000226308345120226,0.0,0.01912305516265912,0.0,0.029306930693069347,0.005714285714285712,0.0,0.0,0.00135785007072136,0.00016973125884017,0.0009618104667609616,0.0,0.0,0.0,0.0,0.0,0.0,0.0,0.0,0.0,0.00639321074964639,0.0,0.0,0.000565770862800566,0.0,0.0,0.0,0.0,0.0,0.0,0.0,0.0,0.0,0.0,0.0,0.0,0.0,0.0,0.0,0.0,0.000792079207920792,0.0,0.0,0.0,0.0,0.0,0.0,0.0,0.0,0.000113154172560113,0.0,0.0,0.0,0.0,0.0,0.0,0.0,0.0
"X206741",0.0001301631377993752,0.017181534189517574,0.5277681360638671,0.4286706004859427,0.000911141964595626,0.00134501909059354,0.0,0.0,0.0,0.0,0.0,0.0009545296771954182,0.0,0.011150642138146458,0.0007375911141964597,0.0,0.0,0.000130163137799375,8.67754251995835e-05,8.67754251995835e-05,0.0,0.0,0.0,0.0,0.0,0.0,0.0,0.0,0.0,0.0108469281499479,0.0,0.0,0.0,0.0,0.0,0.0,0.0,0.0,0.0,0.0,0.0,0.0,0.0,0.0,0.0,0.0,0.0,0.0,0.0,0.0,0.0,0.0,0.0,0.0,0.0,0.0,0.0,0.0,0.0,0.0,0.0,0.0,0.0,0.0,0.0,0.0,0.0
"X206740",0.0,0.01816851603462987,0.4849408608706257,0.46561394951835194,0.003414217778319713,0.00146323619070845,0.0,0.0,0.0,0.0,0.0,0.001524204365321303,0.0,0.014144616510181656,0.002011949762224119,0.0,0.0,0.000548713571515669,0.0,0.0007316180953542252,0.0,0.0,0.0,0.0,0.0,0.0,0.0,0.0,0.0,0.0073771491281551,0.0,0.0,0.0,0.0,0.0,0.0,0.0,0.0,0.0,0.0,0.0,0.0,0.0,0.0,0.0,0.0,0.0,0.0,0.0,6.09681746128521e-05,0.0,0.0,0.0,0.0,0.0,0.0,0.0,0.0,0.0,0.0,0.0,0.0,0.0,0.0,0.0,0.0,0.0
"X206742",4.11878578195148e-05,0.011120721611269,0.3556983401293296,0.5307055480044486,0.001812265744058651,0.001565138597141565,0.0,0.0,0.0,0.0,0.0,0.017175336710737645,0.0,0.03867539849252437,0.0011532600189464147,0.0,0.0,0.0,0.0,0.0002883150047366036,0.0,0.0,0.0,0.0,0.0,0.0,0.0,0.0,0.0,0.00185345360187817,0.0,0.0,0.0,0.0,0.0,0.0,0.0,0.0,0.0,0.0,0.0,0.0,0.0,0.0,0.00185345360187817,0.0,0.0,0.0,0.0,0.0,0.0,0.0,0.0,0.0,0.0,0.0,0.0,0.0,0.0380575806252317,0.0,0.0,0.0,0.0,0.0,0.0,0.0,0.0
"X206743",8.46847609772621e-05,0.009357666087987462,0.2245416437312107,0.6732015073887456,0.0020747766439429263,0.001736037600033874,0.0,0.0,0.0,0.000338739043909049,0.000381081424397679,0.014354066985645885,0.00038108142439768,0.021721641190667693,0.0008891899902612513,0.0,0.0,0.001863064741499768,8.46847609772621e-05,0.0013549561756361981,0.0,0.0,0.0,0.0,0.0,0.0,0.0,0.0,0.0,0.003387390439090483,0.0,0.0,0.0,0.0,0.0,0.0,0.0,0.0,0.0,0.0,0.0,0.0,0.0,0.0,0.0009738747512385151,0.0,0.0,0.0,0.0,0.0,0.0,0.0,0.0,0.0,0.0,0.0,0.0,0.0,0.043273912859381,0.0,0.0,0.0,0.0,0.0,0.0,0.0,0.0
"X206750",0.0001790959237767749,0.00035819184755355,0.3962318217637372,0.527115122859804,0.01941399813740243,0.00136112902070349,0.0,0.0,0.0,0.0,3.5819184755355e-05,0.006805645103517445,0.0,0.028297155956730474,0.003331184182248014,0.0,7.16383695107099e-05,3.5819184755355e-05,0.0,0.00035819184755355,0.0,0.0,3.5819184755355e-05,0.0,0.0,0.0,0.0,0.0,0.0,0.0162260906941758,0.0,0.0,3.5819184755355e-05,0.0,0.0,0.0,0.0,0.0,0.0,0.0,0.0,0.0,0.0,0.0,0.0,0.0,0.0,0.0,0.0,0.0,0.0,0.0,0.0,0.0,0.0,0.0,0.0,0.0,0.000107457554266065,0.0,0.0,0.0,0.0,0.0,0.0,0.0,0.0
"X206751",3.9332913782253e-05,3.9332913782253e-05,0.4647183763373194,0.4758495909376972,0.013097860289490287,3.9332913782253e-05,0.0,0.0,0.0,0.0,0.0,0.00039332913782252996,0.0,0.02179043423536816,0.006529263687854,0.0,0.0,0.0,0.0,0.000157331655129012,0.0,0.0,3.9332913782253e-05,0.0,0.0,0.0,0.0,0.0,0.0,0.01699181875393329,0.0,3.9332913782253e-05,0.0,0.0,0.0,0.0,0.0,0.0,0.0,0.0,0.0,0.0,0.0,0.0,0.000157331655129012,0.0,0.0,0.0,0.0,0.0,0.0,0.0,0.0,0.0,0.0,0.0,0.0,0.0,0.000117998741346759,0.0,0.0,0.0,0.0,0.0,0.0,0.0,0.0
"X206756",0.0001702562356346302,0.0881076019409211,0.3425981101557845,0.5057461479526686,0.007533838426832377,0.0002128202945432876,0.0,0.0,0.0,0.0,0.0,0.0019579467097982505,0.0,0.0160040861496552,0.005703583893760106,0.0,0.0,0.000212820294543288,0.0,0.0002553843534519455,0.0,0.0,0.0,0.0,0.0,0.0,0.0,0.0,0.0,0.020813824806333515,0.0,0.0,0.0,0.0,0.0,0.0,0.0,0.0,0.0,0.0,0.0,0.0,0.0,0.0,0.0,0.0,0.0,0.0,0.0,0.0,0.0,0.0,0.0,0.0,0.0,0.0,0.0,0.0,0.010683578786073,0.0,0.0,0.0,0.0,0.0,0.0,0.0,0.0
"X206755",0.000161629222563439,0.05410538225311139,0.4793922741231616,0.40835623080652994,0.0048892839825440395,0.0002020365282042989,0.0,0.0,0.0,0.0,0.0,0.00234362372716987,0.0,0.021577501212219206,0.005091320510748346,0.0,0.0,0.000161629222563439,0.0,0.0003232584451268789,0.0,0.0,0.0,0.0,0.0,0.0,0.0,0.0,0.0,0.0141021496686601,0.0,0.0,0.0,0.0,0.0,0.0,0.0,0.0,0.0,0.0,0.0,0.0,0.0,0.0,0.0,0.0,0.0,0.0,0.0,0.0,0.0,0.0,0.0,0.0,0.0,0.0,0.0,0.0,0.00929368029739777,0.0,0.0,0.0,0.0,0.0,0.0,0.0,0.0
"X206762",0.0,0.002394636015325669,0.46342193486590083,0.3561422413793101,0.12314415708812261,0.0061661877394636085,0.0,0.0,0.0,0.0028735632183908,5.98659003831418e-05,0.002035440613026821,0.0,0.02490421455938701,0.015325670498084296,0.0,0.0,0.000658524904214559,0.0,0.0028735632183908,0.0,0.0,0.0,0.0,0.0,0.0,0.0,0.0,0.0,0.0,0.0,0.0,0.0,0.0,0.0,0.0,0.0,0.0,0.0,0.0,0.0,0.0,0.0,0.0,0.0,0.0,0.0,0.0,0.0,0.0,0.0,0.0,0.0,0.0,0.0,0.0,0.0,0.0,0.0,0.0,0.0,0.0,0.0,0.0,0.0,0.0,0.0
"X206761",0.0,0.002001959364484389,0.3366273373940451,0.5366102994420067,0.08898070451931678,0.0046002470503045505,0.0,0.0,0.0,0.0,0.0,0.002001959364484391,0.0,0.019806619244366788,0.0049410060910678585,0.0,0.0,0.00051113856114495,0.0,0.00391872896877795,0.0,0.0,0.0,0.0,0.0,0.0,0.0,0.0,0.0,0.0,0.0,0.0,0.0,0.0,0.0,0.0,0.0,0.0,0.0,0.0,0.0,0.0,0.0,0.0,0.0,0.0,0.0,0.0,0.0,0.0,0.0,0.0,0.0,0.0,0.0,0.0,0.0,0.0,0.0,0.0,0.0,0.0,0.0,0.0,0.0,0.0,0.0
"X206767",0.00111847199518197,0.0092058848834208,0.29871805902090687,0.5181966789985369,0.10978232814247613,0.0013765809171470357,0.0,0.0,0.0,0.0,0.0,0.004387851673406178,0.0,0.01892798761077174,0.004387851673406178,0.0,0.0,0.0295964897186613,0.0,8.60363073216898e-05,0.0,0.0,0.0,0.0,0.0,0.0,0.0,0.0,0.0,0.0042157790587628,0.0,0.0,0.0,0.0,0.0,0.0,0.0,0.0,0.0,0.0,0.0,0.0,0.0,0.0,0.0,0.0,0.0,0.0,0.0,0.0,0.0,0.0,0.0,0.0,0.0,0.0,0.0,0.0,0.0,0.0,0.0,0.0,0.0,0.0,0.0,0.0,0.0
"X206766",8.3678507175432e-05,0.004560478641061046,0.37500522990669816,0.5490565248315967,0.026065854985147043,0.000878624325342036,0.0,0.0,0.0,0.0,0.0,0.001297016861219198,0.0,0.022258482908664952,0.00213380193297352,0.0,0.0,0.0155642023346304,0.0,8.3678507175432e-05,0.0,0.0,0.0,0.0,0.0,0.0,0.0,0.0,0.0,0.0029287477511401243,0.0,0.0,0.0,0.0,0.0,0.0,0.0,0.0,0.0,0.0,0.0,0.0,0.0,0.0,0.0,0.0,0.0,0.0,0.0,0.0,0.0,0.0,0.0,0.0,0.0,0.0,0.0,0.0,0.0,0.0,0.0,0.0,0.0,0.0,0.0,0.0,8.3678507175432e-05
"X206769",0.00553505535055351,0.0,0.01845018450184502,0.014760147601476,0.7527675276752765,0.0479704797047971,0.0,0.0,0.0,0.0,0.0,0.1309963099630996,0.0,0.020295202952029502,0.0,0.0,0.0,0.0,0.0,0.0,0.0,0.0,0.0,0.0,0.0,0.0,0.0,0.0,0.0,0.00922509225092251,0.0,0.0,0.0,0.0,0.0,0.0,0.0,0.0,0.0,0.0,0.0,0.0,0.0,0.0,0.0,0.0,0.0,0.0,0.0,0.0,0.0,0.0,0.0,0.0,0.0,0.0,0.0,0.0,0.0,0.0,0.0,0.0,0.0,0.0,0.0,0.0,0.0
"X206768",0.000447027268663388,0.012963790791238258,0.03263299061242737,0.01072865444792133,0.6347787215020118,0.02548055431381316,0.0,0.0,0.0,0.01609298167188199,0.012516763522574888,0.22038444345105007,0.0,0.00312919088064372,0.00134108180599017,0.0,0.0,0.0116227089852481,0.0,0.0,0.0,0.0,0.0,0.0,0.0,0.0,0.0,0.0,0.0,0.00312919088064372,0.0,0.0,0.0,0.0,0.00178810907465355,0.0,0.0,0.0,0.0,0.00447027268663388,0.0,0.0,0.0,0.0,0.00178810907465355,0.0,0.00491729995529727,0.0,0.0,0.00178810907465355,0.0,0.0,0.0,0.0,0.0,0.0,0.0,0.0,0.0,0.0,0.0,0.0,0.0,0.0,0.0,0.0,0.0
"X206770",0.0011521179768808321,0.017589001113714014,0.535811667114713,0.40493106494104986,0.006221437075156497,0.0033411421329544127,0.0,0.0,0.0,0.000153615730250778,0.0001920196628134718,0.0012673297745689175,3.84039325626944e-05,0.012097238757248741,0.00871769269173163,7.68078651253888e-05,0.0,7.68078651253888e-05,0.0,0.0009985022466300552,0.0,0.0,0.0,0.0,0.0,0.0,0.000422443258189639,0.0,0.0,0.006912707861285,0.0,0.0,0.0,0.0,0.0,0.0,0.0,0.0,0.0,0.0,0.0,0.0,0.0,0.0,0.0,0.0,0.0,0.0,0.0,0.0,0.0,0.0,0.0,0.0,0.0,0.0,0.0,0.0,0.0,0.0,0.0,0.0,0.0,0.0,0.0,0.0,0.0
"X224330",0.0,0.0556193208990913,0.392443806791009,0.4997130559540895,0.0028694404591104753,0.008464849354375893,0.0,0.0,0.0,0.00497369679579149,0.0,0.002965088474414155,0.0,0.023194643711143017,0.005691056910569109,0.0,0.0,0.0,0.0,0.0024868483978957422,0.0,0.0,0.0,0.0,0.0,0.0,0.0,0.0,0.0,0.0,0.0,0.0,0.0,0.0,0.0,0.0,0.0,0.0,0.000143472022955524,0.0,0.0,0.0,0.0,0.0,0.0,0.0,0.0,0.0,0.0,0.0,0.0,0.000573888091822095,0.0,0.0,0.0,0.0,0.0,0.0,0.000191296030607365,0.000286944045911047,0.0,0.0,0.00038259206121473,0.0,0.0,0.0,0.0
"X224327",0.0,0.0356552024379626,0.3550282977797131,0.45707444492816673,0.12446669569003097,0.010404875925119695,0.0,0.0,0.0,0.0,0.0,0.000304745319982586,0.0,0.001523726599912926,0.013931214627775398,0.0,0.0,0.0,0.0,8.7070091423596e-05,0.0,0.0,0.0,0.0,0.0,0.0,0.0,0.0,0.0,0.00139312146277754,0.0,0.0,0.0,0.0,0.0,0.0,0.0,0.0,0.0,0.0,0.0,0.0,0.0,0.0,0.0,0.0,0.0,0.0,0.0,0.0,0.0,0.0,0.0,0.0,0.0,0.0,0.0,0.0,0.000130605137135394,0.0,0.0,0.0,0.0,0.0,0.0,0.0,0.0
"X224328",0.0,0.03371173030615759,0.3416657111187556,0.4832396896380384,0.1170355081603792,0.00871459694989107,0.0,0.0,0.0,0.0,0.0,0.0005351068302564685,0.0,0.0025990903183885604,0.008867484615678633,0.0,0.0,0.000152887665787563,0.0,0.0,0.0,0.0,0.0,0.0,0.0,0.0,0.0,0.0,0.0,0.00347819439666705,0.0,0.0,0.0,0.0,0.0,0.0,0.0,0.0,0.0,0.0,0.0,0.0,0.0,0.0,0.0,0.0,0.0,0.0,0.0,0.0,0.0,0.0,0.0,0.0,0.0,0.0,0.0,0.0,0.0,0.0,0.0,0.0,0.0,0.0,0.0,0.0,0.0
"X224325",3.73022978215458e-05,0.030065652044165933,0.30162638018501964,0.5408460161145925,0.049015219337511164,0.0010071620411817369,0.0,0.0,0.0,0.0,0.0,0.009400179051029547,0.0,0.02648463145329749,0.004177857356013129,0.0,0.0,0.000783348254252462,0.0,0.00048492987168009485,0.0,0.0,0.0,0.0,0.0,0.0,0.0,0.0,0.0,0.0356609967173978,0.0,0.000410325276037004,0.0,0.0,0.0,0.0,0.0,0.0,0.0,0.0,0.0,0.0,0.0,0.0,0.0,0.0,0.0,0.0,0.0,0.0,0.0,0.0,0.0,0.0,0.0,0.0,0.0,0.0,0.0,0.0,0.0,0.0,0.0,0.0,0.0,0.0,0.0
"X224326",0.0,0.0314781327439555,0.3590851249079095,0.4844953452548391,0.049996651262474046,6.69747505190543e-05,0.0,0.0,0.0,0.0,0.0,0.0006027727546714893,0.0,0.02277141517647849,0.002545040519724068,0.0,0.0,0.000435335878373853,0.0,0.000334873752595272,0.0,0.0,0.0,0.0,0.0,0.0,0.0,0.0,0.0,0.0481548456232001,0.0,0.0,0.0,0.0,0.0,0.0,0.0,0.0,0.0,0.0,0.0,0.0,0.0,0.0,0.0,0.0,0.0,0.0,0.0,0.0,0.0,0.0,0.0,0.0,0.0,0.0,0.0,0.0,3.34873752595272e-05,0.0,0.0,0.0,0.0,0.0,0.0,0.0,0.0
"X224324",4.30440771349862e-05,0.06977444903581269,0.23050103305785083,0.6219869146005508,0.06039084022038564,0.0009469696969696974,0.0,0.0,0.0,0.0,0.0,0.005897038567493108,0.0,0.006499655647382923,0.001506542699724518,0.0,0.0,0.0002152203856749312,0.0,0.000129132231404959,0.0,0.0,0.0,0.0,0.0,0.0,0.0,0.0,0.0,0.00180785123966942,0.0,0.000301308539944904,0.0,0.0,0.0,0.0,0.0,0.0,0.0,0.0,0.0,0.0,0.0,0.0,0.0,0.0,0.0,0.0,0.0,0.0,0.0,0.0,0.0,0.0,0.0,0.0,0.0,0.0,0.0,0.0,0.0,0.0,0.0,0.0,0.0,0.0,0.0
"X224323",0.0,0.045505106684194614,0.3784508039235514,0.48993831529982795,0.05480837293962987,0.0010112245929821012,0.0,0.0,0.0,5.05612296491051e-05,0.00010112245929821,0.007533623217716656,0.0,0.01815148144402873,0.001971887956315098,0.0,0.0,0.000404489837192841,0.0,0.000252806148245525,0.0,0.0,0.0,0.0,0.0,0.0,0.0,0.0,0.0,0.00171908180806957,0.0,5.05612296491051e-05,0.0,0.0,0.0,0.0,0.0,0.0,0.0,0.0,0.0,0.0,0.0,0.0,0.0,0.0,0.0,0.0,0.0,0.0,0.0,0.0,0.0,0.0,0.0,0.0,0.0,0.0,5.05612296491051e-05,0.0,0.0,0.0,0.0,0.0,0.0,0.0,0.0
"X219633",0.000431300061614295,0.0073937153419593345,0.8170671595810229,0.14041897720271107,0.00252618607516944,0.0004929143561306228,0.0,0.0,0.0,0.0,0.0,0.010104744300677756,0.0,0.0022797288971041236,0.015095502156500355,0.0,0.0,0.000184842883548983,0.0,0.0003080714725816398,0.0,0.0,0.0,0.0,0.0,0.0,0.0,0.0,0.0,0.00369685767097967,0.0,0.0,0.0,0.0,0.0,0.0,0.0,0.0,0.0,0.0,0.0,0.0,0.0,0.0,0.0,0.0,0.0,0.0,0.0,0.0,0.0,0.0,0.0,0.0,0.0,0.0,0.0,0.0,0.0,0.0,0.0,0.0,0.0,0.0,0.0,0.0,0.0
"X219634",7.78331257783313e-05,0.008328144458281447,0.8586550435865495,0.0832814445828144,0.007394146948941471,0.0029576587795765883,0.0,0.0,0.0,0.0,0.0,0.022805105853051063,0.0,0.002957658779576585,0.008717310087173103,0.0,0.0,0.000933997509339975,0.0,0.0001556662515566626,0.0,0.0,0.0,0.0,0.0,0.0,0.0,0.0,0.0,0.0037359900373599,0.0,0.0,0.0,0.0,0.0,0.0,0.0,0.0,0.0,0.0,0.0,0.0,0.0,0.0,0.0,0.0,0.0,0.0,0.0,0.0,0.0,0.0,0.0,0.0,0.0,0.0,0.0,0.0,0.0,0.0,0.0,0.0,0.0,0.0,0.0,0.0,0.0
"X219637",0.2,0.0,0.1375,0.0,0.0875,0.0,0.0,0.0,0.0,0.1625,0.2875,0.0125,0.0,0.0,0.0,0.0,0.0,0.0,0.0,0.0,0.0,0.0,0.0,0.0,0.0,0.0,0.075,0.0,0.0,0.0375,0.0,0.0,0.0,0.0,0.0,0.0,0.0,0.0,0.0,0.0,0.0,0.0,0.0,0.0,0.0,0.0,0.0,0.0,0.0,0.0,0.0,0.0,0.0,0.0,0.0,0.0,0.0,0.0,0.0,0.0,0.0,0.0,0.0,0.0,0.0,0.0,0.0
"X219638",0.0,0.0122773962195344,0.8046556858931505,0.0893454081322555,0.000972467027289856,0.005834802163739132,0.0,0.0,0.0,0.00334285540630888,0.0,0.003464413784720112,0.0,0.004862335136449282,0.05117607731112869,0.0,0.0,0.0064425940557953,0.0,0.00680726919102899,0.0,0.0,0.0,0.0,0.0,0.0,0.0,0.0,0.0,0.010818695678599645,0.0,0.0,0.0,0.0,0.0,0.0,0.0,0.0,0.0,0.0,0.0,0.0,0.0,0.0,0.0,0.0,0.0,0.0,0.0,0.0,0.0,0.0,0.0,0.0,0.0,0.0,0.0,0.0,0.0,0.0,0.0,0.0,0.0,0.0,0.0,0.0,0.0
"X219643",0.001218995124019504,0.0044519821920712375,0.6924422302310789,0.223182107271571,0.000900996396014416,0.014786940852236578,0.0,0.0,0.000211999152003392,0.000158999364002544,0.0,0.005299978800084806,0.0,0.03354886580453683,0.004981980072079714,0.0,0.0,0.000370998516005936,0.0,0.0005829976680093281,0.0,0.0,0.0,0.0,0.0,0.0,0.0,0.0,0.0133559465762137,0.00381598473606106,0.0,0.0,0.0,0.0,0.0,0.0,0.0,0.0,0.0,0.0,0.0,0.0,0.0,0.0,0.0,0.0,0.0,0.0,0.0,0.0,0.0,0.0,0.0,0.0,0.0,0.0,0.0,0.0,0.000688997244011024,0.0,0.0,0.0,0.0,0.0,0.0,0.0,0.0
"X219644",0.0,0.0,0.8685020593973557,0.07331454584868843,0.000650336006936917,0.0005202688055495335,0.0,0.0,0.0,0.0,0.0,0.002081075222198134,0.0,0.0026446997615434628,0.051810101885974374,0.0,0.0,0.000173422935183178,0.0,0.0003034901365705615,0.0,0.0,0.0,0.0,0.0,0.0,0.0,0.0,0.0,0.0,0.0,0.0,0.0,0.0,0.0,0.0,0.0,0.0,0.0,0.0,0.0,0.0,0.0,0.0,0.0,0.0,0.0,0.0,0.0,0.0,0.0,0.0,0.0,0.0,0.0,0.0,0.0,0.0,0.0,0.0,0.0,0.0,0.0,0.0,0.0,0.0,0.0
"X219646",0.0,0.0156080026486308,0.6631982216336376,0.31201816203944543,0.00037837582178498747,0.004635103816866107,0.0,0.0,0.0,0.0,0.0,0.0004729697772312345,0.0,0.0003310788440618645,0.00316889750744927,0.0,0.0,4.72969777231235e-05,0.0,0.0001418909331693705,0.0,0.0,0.0,0.0,0.0,0.0,0.0,0.0,0.0,0.0,0.0,0.0,0.0,0.0,0.0,0.0,0.0,0.0,0.0,0.0,0.0,0.0,0.0,0.0,0.0,0.0,0.0,0.0,0.0,0.0,0.0,0.0,0.0,0.0,0.0,0.0,0.0,0.0,0.0,0.0,0.0,0.0,0.0,0.0,0.0,0.0,0.0
"X219645",0.0,0.023010920436817513,0.5292511700468019,0.43863754550182,0.0002600104004160164,0.001863407869648123,0.0,0.0,0.0,0.0,0.0,0.0006066909343040388,0.0,0.0005633558675680359,0.00498353267464032,0.0,0.0,0.000130005200208008,0.0,0.0006066909343040394,0.0,0.0,0.0,0.0,0.0,0.0,0.0,0.0,0.0,0.0,0.0,0.0,0.0,0.0,0.0,0.0,0.0,0.0,0.0,0.0,0.0,0.0,0.0,0.0,0.0,0.0,0.0,0.0,0.0,4.33350667360028e-05,0.0,0.0,0.0,0.0,0.0,0.0,0.0,0.0,4.33350667360028e-05,0.0,0.0,0.0,0.0,0.0,0.0,0.0,0.0
"X219652",0.0,0.00941555273685238,0.6529417504146741,0.2051419650697624,0.0006829934627768559,0.0644453117377305,0.0,0.0,0.0,0.0,0.0,0.001122060688847692,0.0,0.04707776368426186,0.00204898038833057,0.0,0.0,4.8785247341204e-05,0.0,0.0005366377207532439,0.0,0.0,0.0,0.0,0.0,0.0,0.0,0.0,0.0106351839203825,0.00439067226070836,0.000146355742023612,0.0,0.0,0.0,0.0,0.0,0.0,0.0,0.0,0.0,0.0,0.0,0.0,0.0,0.0,0.0,0.0,0.0,0.0,4.8785247341204e-05,0.0,0.0,0.0,0.0,0.0,0.0,0.0,0.0,0.00131720167821251,0.0,0.0,0.0,0.0,0.0,0.0,0.0,0.0
"X219651",0.0,0.00566859850247472,0.6827276957570116,0.22704006091628165,0.0005499386606878464,0.027327721138796023,0.0,0.0,0.0,0.000296120817293456,0.0,0.002326663564448576,0.0,0.032404078006683844,0.00393417657261305,0.0,0.0,4.23029738990651e-05,0.0,0.000296120817293455,0.0,0.0,0.0,0.0,0.0,0.0,0.0,0.0,0.0111679851093532,0.00579550742417192,0.0,0.0,0.0,0.0,0.0,0.0,0.0,0.0,0.0,0.0,0.0,0.0,0.0,0.0,0.0,0.0,0.0,0.0,0.0,0.0,0.0,0.0,0.0,0.0,0.0,0.0,0.0,0.0,0.000423029738990651,0.0,0.0,0.0,0.0,0.0,0.0,0.0,0.0
"X219659",0.00481000481000481,0.00432900432900433,0.3386243386243387,0.2895622895622892,0.0245310245310245,0.06878306878306886,0.0,0.0,0.0,0.0,0.0,0.013468013468013471,0.0,0.01875901875901874,0.01683501683501681,0.0,0.0,0.0,0.0,0.0105820105820106,0.0,0.0,0.0,0.0,0.0,0.0101010101010101,0.0,0.0,0.0,0.0293410293410293,0.0,0.0,0.0,0.0,0.0,0.0,0.0,0.0,0.0,0.0,0.0,0.0,0.0,0.0,0.00577200577200577,0.0,0.0,0.0,0.0,0.0,0.0,0.0,0.0,0.0,0.0,0.0,0.0,0.0,0.164502164502165,0.0,0.0,0.0,0.0,0.0,0.0,0.0,0.0
"X219653",0.0,0.0359730848861284,0.4560559006211173,0.2948757763975156,0.0443064182194617,0.00093167701863354,0.0,0.0,0.0,0.0,0.0,0.011645962732919249,0.0,0.02950310559006213,0.026656314699793,0.0,0.0,0.0212732919254658,0.0,0.00072463768115942,0.0,0.0,0.0,0.0,0.0,0.0,0.0,0.0,0.0,0.0133022774327122,0.0,0.00056935817805383,0.0,0.0,0.0,0.0,0.0,0.0,0.0,0.0,0.0,0.0,0.0,0.0,0.00900621118012422,0.0,0.0,0.0,0.0,0.0,0.0,0.0,0.0,0.0,0.0,0.0,0.0,0.0,0.055175983436853,0.0,0.0,0.0,0.0,0.0,0.0,0.0,0.0
"X219654",0.000364542195759159,0.014946230026125572,0.5780424084087737,0.17406889847499868,0.01616137067865602,0.014277902667233708,0.0,0.0,0.0,0.00285558053344675,0.0,0.002065739109301901,0.0,0.05237256212406584,0.010085667416003408,0.0,0.0,0.00528586183850781,0.0,0.000911355489397898,0.0,0.0,0.0,0.0,0.0,0.0,0.0,0.0,0.0,0.0178018105595723,0.0,0.0,0.0,0.0,0.0,0.0,0.0,0.0,0.0,0.0,0.0,0.0,0.0,0.0,0.0133057901452093,0.0,0.0,0.0,0.0,0.0,0.0,0.0,0.0,0.0,0.0,0.0,0.0,0.0,0.0974542803329485,0.0,0.0,0.0,0.0,0.0,0.0,0.0,0.0
"X219693",0.0,0.000962000962000962,0.8239538239538243,0.04737854737854735,0.006012506012506011,0.000721500721500722,0.0,0.0,0.0,0.000962000962000962,0.00012025012025012,0.0488215488215488,0.0,0.02080327080327082,0.022005772005772,0.0,0.0,0.0,0.00012025012025012,0.0027657527657527618,0.0,0.0,0.0,0.0,0.0,0.0,0.0,0.0,0.0,0.0253727753727754,0.0,0.0,0.0,0.0,0.0,0.0,0.0,0.0,0.0,0.0,0.0,0.0,0.0,0.0,0.0,0.0,0.0,0.0,0.0,0.0,0.0,0.0,0.0,0.0,0.0,0.0,0.0,0.0,0.0,0.0,0.0,0.0,0.0,0.0,0.0,0.0,0.0
"X219656",0.001735579377233282,0.02746299132210314,0.6385911179173049,0.30056151097498757,0.010821847881572234,0.0020418580908626843,0.0,0.0,0.0,0.0,0.0,0.000102092904543134,0.0,0.004287901990811638,0.0077590607452782,0.0,0.0,0.00102092904543134,0.0,0.000204185809086269,0.0,0.0,0.0,0.0,0.0,0.0,0.0,0.0,0.0,0.00245022970903522,0.0,0.0,0.0,0.0,0.0,0.0,0.0,0.0,0.0,0.0,0.0,0.0,0.0,0.0,0.0,0.0,0.0,0.0,0.0,0.0,0.0,0.0,0.0,0.0,0.0,0.0,0.0,0.0,0.00296069423175089,0.0,0.0,0.0,0.0,0.0,0.0,0.0,0.0
"X219655",4.83208504469679e-05,0.016139164049287266,0.8244020294757186,0.13679632761536561,0.0028992510268180754,0.0005798502053636148,0.0,0.0,0.0,0.0,0.0,0.0011113795602802612,0.0,0.002319400821454457,0.012418458564870746,0.0,0.0,0.00115970041072723,0.0,9.66417008939358e-05,0.0,0.0,0.0,0.0,0.0,0.0,0.0,0.0,0.0,0.000773133607151486,0.0,0.0,0.0,0.0,0.0,0.0,0.0,0.0,0.0,0.0,0.0,0.0,0.0,0.0,0.0,0.0,0.0,0.0,0.0,0.0,0.0,0.0,0.0,0.0,0.0,0.0,0.0,0.0,0.00125634211162116,0.0,0.0,0.0,0.0,0.0,0.0,0.0,0.0
"X219657",5.55524693072607e-05,0.0,0.6901283262040996,0.01699905560802181,0.1142158768957284,0.001055496916837953,0.0,0.0,0.0,0.0,0.0,0.000944391978223432,0.0,0.0344980834398089,0.14210321648797247,0.0,0.0,0.0,0.0,0.0,0.0,0.0,0.0,0.0,0.0,0.0,0.0,0.0,0.0,0.0,0.0,0.0,0.0,0.0,0.0,0.0,0.0,0.0,0.0,0.0,0.0,0.0,0.0,0.0,0.0,0.0,0.0,0.0,0.0,0.0,0.0,0.0,0.0,0.0,0.0,0.0,0.0,0.0,0.0,0.0,0.0,0.0,0.0,0.0,0.0,0.0,0.0
"X219658",0.0,0.0,0.5212649945474374,0.0,0.2955288985823335,0.0109051254089422,0.0,0.0,0.0,0.0,0.0,0.0218102508178844,0.0,0.0599781897491821,0.08833151581243191,0.0,0.0,0.0,0.0,0.0,0.0,0.0,0.0,0.0,0.0,0.0,0.0,0.0,0.0,0.0,0.0,0.0,0.0,0.0,0.0,0.0,0.0,0.0,0.0,0.0,0.0,0.0,0.0,0.0,0.0,0.0,0.0,0.0,0.0,0.0,0.0,0.0,0.0,0.0,0.0,0.0,0.0,0.0,0.00218102508178844,0.0,0.0,0.0,0.0,0.0,0.0,0.0,0.0
"X219668",0.0,0.016,0.3664,0.0144,0.4736,0.0,0.0,0.0,0.0,0.0,0.0,0.0704,0.0,0.0304,0.024,0.0,0.0,0.0032,0.0,0.0,0.0,0.0,0.0,0.0,0.0,0.0,0.0,0.0,0.0,0.0,0.0,0.0,0.0,0.0,0.0,0.0,0.0,0.0,0.0,0.0,0.0,0.0,0.0,0.0,0.0,0.0,0.0,0.0,0.0,0.0,0.0,0.0,0.0,0.0,0.0,0.0,0.0,0.0,0.0016,0.0,0.0,0.0,0.0,0.0,0.0,0.0,0.0
"X219670",0.00130629509828316,0.003545658123911416,0.7657377457078877,0.14120427967156007,0.0016795222692212,0.00416770340880816,0.0,0.0,0.0,0.0,0.00018661358546902208,0.001057476984324459,0.0,0.06836277681015177,0.004416521522766854,0.0,0.0,0.0,0.0,0.000995272455834784,0.0,0.0,0.0,0.0,0.0,0.0,0.0,0.0,0.000684249813386414,0.00665588454839512,0.0,0.0,0.0,0.0,0.0,0.0,0.0,0.0,0.0,0.0,0.0,0.0,0.0,0.0,0.0,0.0,0.0,0.0,0.0,0.0,0.0,0.0,0.0,0.0,0.0,0.0,0.0,0.0,0.0,0.0,0.0,0.0,0.0,0.0,0.0,0.0,0.0
"X219669",0.00254569735414406,0.0005842584091478174,0.8334028879058513,0.0887655454469577,0.0006259911526583757,0.0017527752274434532,0.0,0.0,0.0,0.0,4.17327435105584e-05,0.00429847258158751,0.0,0.055504548869042686,0.0018362407144645694,0.0,0.0,0.0,0.0,0.0006677238961689339,0.0,0.0,0.0,0.0,0.0,0.0,0.0,0.0,0.000333861948084467,0.00964026375093899,0.0,0.0,0.0,0.0,0.0,0.0,0.0,0.0,0.0,0.0,0.0,0.0,0.0,0.0,0.0,0.0,0.0,0.0,0.0,0.0,0.0,0.0,0.0,0.0,0.0,0.0,0.0,0.0,0.0,0.0,0.0,0.0,0.0,0.0,0.0,0.0,0.0
"X219675",0.0,0.024248244403097096,0.19614668987455733,0.2035892203349138,0.005221775403637236,0.0012604285457055399,0.0,0.0,0.0,0.000660224476321949,6.0020406938359e-05,0.0099633875517676,0.000240081627753436,0.13012424224236216,0.007082408018726368,0.0,0.0,0.415941420082828,0.0,0.00060020406938359,0.0,0.0,0.0,0.0,0.0,0.0,0.0,0.0,0.0,0.00474161214813036,0.0,0.0,0.0,0.0,0.0,0.0,0.0,0.0,0.0,0.0,0.0,0.0,0.0,0.0,0.0,0.0,0.0,0.0,0.0,0.0,0.0,0.0,0.0,0.0,0.0,0.0,0.0,0.0,0.000120040813876718,0.0,0.0,0.0,0.0,0.0,0.0,0.0,0.0
"X219676",0.0,0.028587789622059774,0.2906792353096648,0.1737291868557835,0.00493348603647256,0.004272751299444985,0.0,0.0,0.0,0.0,4.4048982468505e-05,0.028675887586996726,0.0,0.09686371244824243,0.027002026253193527,0.0,0.0,0.34001409567439006,0.0,0.0017619592987401951,0.0,0.0,0.0,0.0,0.0,0.0,0.0,0.0,0.0,0.00343582063254339,0.0,0.0,0.0,0.0,0.0,0.0,0.0,0.0,0.0,0.0,0.0,0.0,0.0,0.0,0.0,0.0,0.0,0.0,0.0,0.0,0.0,0.0,0.0,0.0,0.0,0.0,0.0,0.0,0.0,0.0,0.0,0.0,0.0,0.0,0.0,0.0,0.0
"X219691",0.0,0.0004821019645655052,0.8040858141496929,0.11805471857297778,0.044835482704592,0.00241050982282753,0.0,0.0,0.0,0.00066289020127757,0.0,0.0064481137760636405,0.0,0.00759310594190671,0.010244666747016995,0.0,0.0,0.00313366276967579,0.0,0.0009642039291310112,0.0,0.0,0.0,0.0,0.0,0.0,0.0,0.0,0.0,0.0,0.0,6.02627455706882e-05,0.0,0.0,0.0,0.0,0.0,0.0,0.0,0.0,0.0,0.0,0.0,0.0,0.0,0.0,0.0,0.0,0.0,0.0010244666747017,0.0,0.0,0.0,0.0,0.0,0.0,0.0,0.0,0.0,0.0,0.0,0.0,0.0,0.0,0.0,0.0,0.0
"X219692",0.0,0.0,0.0,0.141666666666667,0.0833333333333333,0.3000000000000003,0.0,0.0,0.0,0.075,0.0,0.0,0.0,0.0,0.0,0.0,0.0,0.4,0.0,0.0,0.0,0.0,0.0,0.0,0.0,0.0,0.0,0.0,0.0,0.0,0.0,0.0,0.0,0.0,0.0,0.0,0.0,0.0,0.0,0.0,0.0,0.0,0.0,0.0,0.0,0.0,0.0,0.0,0.0,0.0,0.0,0.0,0.0,0.0,0.0,0.0,0.0,0.0,0.0,0.0,0.0,0.0,0.0,0.0,0.0,0.0,0.0
