"","Tepidimonas","Christensenellaceae_R_7_group","Prevotella","Family_XIII_AD3011_group","Ruminiclostridium","Corynebacterium","uncultured","Pseudomonas","Sphingomonas","Lactobacillus","Oscillibacter","Faecalibacterium","Lachnospiraceae_FCS020_group","Hungatella","Sutterella","Veillonella","_Ruminococcus_gauvreauii_group","Ruminococcaceae_UCG_010","Faecalitalea","Clostridiales_vadinBB60_group(family)","Lachnospiraceae_UCG_001","Ruminococcaceae_UCG_003","Sphingopyxis","Blautia","Burkholderia_Paraburkholderia","Gemella","Leptotrichia","Pedobacter","Sphingobacterium","Senegalimassilia","Collinsella","Bacteroides","Porphyromonas","Butyricicoccus","Streptococcus","Flavobacterium","Intestinibacter","_Eubacterium_hallii_group","Ruminococcaceae_NK4A214_group","Alistipes","Howardella","Fusobacterium","Asticcacaulis","Bifidobacterium","Subdoligranulum","Coprococcus","Odoribacter","Abiotrophia","Actinomyces","Brevundimonas","Defluviitaleaceae_UCG_011","Acinetobacter","Anaerococcus","Ruminococcaceae_UCG_014","Roseburia","Candidatus_Soleaferrea","Ruminococcus","_Clostridium_innocuum_group","Massilia","Anaerotruncus","_Eubacterium_brachy_group","Romboutsia","Cellulomonas","Anaerofustis","_Eubacterium_xylanophilum_group","Cellulosilyticum","Lachnospiraceae_NK4A136_group","Peptococcus","Gordonibacter","Butyricimonas","Rothia","Negativicoccus","Solobacterium","Gastranaerophilales(order)","Desulfovibrio","Ruminococcaceae_UCG_013","Blastocatella","Atopobium","Oscillospira","Methylobacterium","Mollicutes_RF9(order)","Lachnoanaerobaculum","Altererythrobacter","Phascolarctobacterium","Bacteroidales_S24_7_group(family)","Family_XIII_UCG_001","Tyzzerella","_Eubacterium_nodatum_group","Rheinheimera","Erysipelatoclostridium","OPB56(family)","Parasutterella","Chitinophagaceae(family)","Alloprevotella","vadinBE97(family)","Selenomonas","Megasphaera","Dorea","Gordonia","_Eubacterium_coprostanoligenes_group","Methanobacterium","Eikenella","Hydrotalea","Rhizobium","Victivallis","Paludibacter","uncultured(family)","Knoellia","Ruminococcaceae_UCG_002","Barnesiella","Lachnospiraceae(family)","Variibacter","Parvimonas","Lactococcus","Streptomyces","Oribacterium","Rhodococcus","Peptostreptococcus","Lachnospiraceae_UCG_008","Chloroplast(class)","Blastococcus","Dialister","Thermicanus","Staphylococcus","Anaerostipes","Acidaminococcus","Campylobacter","Lachnospira","Lachnoclostridium","Sellimonas","Cloacibacterium","Haemophilus","Aerococcus","Morganella","Aggregatibacter","ML635J_21(class)","Stenotrophomonas","Ruminococcaceae_UCG_004","Citrobacter","Parabacteroides","Ezakiella","Proteiniphilum","Turicibacter","Finegoldia","Fusicatenibacter","Mogibacterium","Dielma","Prevotellaceae_NK3B31_group","Catenibacterium","Pseudoclavibacter","Akkermansia","Flavonifractor","Eggerthella","Granulicatella","Candidatus_Stoquefichus","Lachnospiraceae_ND3007_group","Bilophila","Ruminococcaceae_UCG_005","TK10(class)","Methanobrevibacter","Aeromonas","Clostridium_sensu_stricto","Propionibacterium","Georgenia","Christensenella","Peptoniphilus","_Eubacterium_rectale_group","Slackia","Acidisphaera","Succiniclasticum","Erythrobacter","Devosia","Rubellimicrobium","Lachnospiraceae_UCG_010","Hafnia_Obesumbacterium","_Eubacterium_ventriosum_group","Varibaculum","Holdemania","Holdemanella","Escherichia_Shigella","Rhodopseudomonas","_Ruminococcus_gnavus_group","Cellvibrio","Microvirga","Micrococcus","_Eubacterium_eligens_group","Gardnerella","Lawsonella","Erysipelotrichaceae_UCG_003"
"X206620",0.0,0.0,0.0,0.0,0.0,0.0,0.0,0.0,0.0,0.0,0.0,0.016129032258064516,0.0,0.0,0.0,0.0,0.0,0.0,0.0,0.0,0.0,0.0,0.0,0.0,0.0,0.0,0.0,0.0,0.0,0.0,0.0,0.06451612903225806,0.0,0.0,0.0,0.0,0.0,0.0,0.0,0.0,0.0,0.0,0.0,0.0,0.0,0.0,0.0,0.0,0.0,0.0,0.0,0.0,0.0,0.0,0.0,0.0,0.0,0.0,0.0,0.0,0.0,0.0,0.0,0.0,0.0,0.0,0.016129032258064516,0.0,0.0,0.1774193548387097,0.0,0.0,0.0,0.0,0.0,0.0,0.0,0.0,0.0,0.0,0.0,0.0,0.0,0.0,0.0,0.0,0.0,0.0,0.0,0.0,0.0,0.0,0.0,0.0,0.0,0.0,0.0,0.0,0.0,0.0,0.0,0.0,0.0,0.0,0.0,0.0,0.0,0.0,0.0,0.0,0.0,0.0,0.0,0.0,0.0,0.0,0.0,0.0,0.0,0.0,0.0,0.0,0.0,0.0,0.0,0.0,0.0,0.0,0.27419354838709675,0.0,0.0,0.0,0.0,0.0,0.0,0.0,0.0,0.0,0.0,0.0,0.0,0.0,0.0,0.0,0.0,0.0,0.0,0.0,0.0,0.0,0.0,0.0,0.0,0.0,0.0,0.0,0.0,0.0,0.0,0.0,0.0,0.0,0.0,0.0,0.0,0.0,0.03225806451612903,0.0,0.0,0.0,0.0,0.0,0.0,0.0,0.0,0.0,0.0,0.0,0.0,0.41935483870967744,0.0,0.0,0.0,0.0,0.0,0.0,0.0,0.0,0.0
"X206623",0.0,0.0,0.0,0.0,0.0,0.2932692307692308,0.0,0.052884615384615384,0.0,0.0,0.0,0.0,0.0,0.0,0.0,0.004807692307692308,0.0,0.0,0.0,0.0,0.0,0.0,0.0,0.0,0.0,0.0,0.0,0.0,0.0,0.0,0.0,0.014423076923076924,0.0,0.0,0.0,0.0,0.0,0.0,0.0,0.0,0.0,0.0,0.0,0.0,0.0,0.0,0.0,0.0,0.0,0.0,0.0,0.0,0.0,0.0,0.0,0.0,0.0,0.0,0.0,0.0,0.0,0.0,0.0,0.0,0.0,0.0,0.0,0.0,0.0,0.0,0.0,0.0,0.0,0.0,0.0,0.0,0.0,0.0,0.0,0.0,0.0,0.0,0.0,0.0,0.0,0.0,0.0,0.0,0.0,0.0,0.0,0.0,0.0,0.0,0.0,0.0,0.0,0.0,0.0,0.0,0.0,0.0,0.0,0.0,0.0,0.07692307692307693,0.0,0.0,0.0,0.0,0.0,0.0,0.0,0.0,0.0,0.0,0.0,0.0,0.0,0.0,0.0,0.0,0.0,0.0,0.0,0.0,0.0,0.0,0.0,0.0,0.2980769230769231,0.0,0.11538461538461539,0.0,0.0,0.0,0.0,0.0,0.0,0.0,0.0,0.0,0.0,0.0,0.0,0.0,0.0,0.0,0.0,0.0,0.0,0.0,0.0,0.0,0.0,0.0,0.0,0.0,0.0,0.0,0.0,0.0,0.0,0.0,0.0,0.0,0.004807692307692308,0.0,0.0,0.0,0.0,0.0,0.0,0.0,0.0,0.0,0.0,0.0,0.0,0.13942307692307693,0.0,0.0,0.0,0.0,0.0,0.0,0.0,0.0,0.0
"X206627",0.0,0.0,0.0,0.0,0.0,0.0,0.0,0.0,0.0,0.0,0.0,0.0,0.0,0.0,0.0,0.0,0.0,0.0,0.0,0.0,0.0,0.0,0.0,0.0,0.0,0.0,0.0,0.0,0.0,0.0,0.0,0.0,0.0,0.0,0.0,0.0,0.0,0.0,0.0,0.0,0.0,0.0,0.0,0.0,0.0,0.0,0.0,0.0,0.0,0.0,0.0,0.0,0.0,0.0,0.0,0.0,0.0,0.0,0.35714285714285715,0.0,0.0,0.0,0.0,0.0,0.0,0.0,0.0,0.0,0.0,0.0,0.0,0.0,0.0,0.0,0.0,0.0,0.0,0.0,0.0,0.0,0.0,0.0,0.0,0.0,0.0,0.0,0.0,0.0,0.0,0.0,0.0,0.0,0.0,0.0,0.0,0.0,0.0,0.0,0.0,0.0,0.0,0.0,0.0,0.0,0.0,0.0,0.0,0.0,0.0,0.0,0.0,0.0,0.0,0.0,0.0,0.0,0.0,0.0,0.0,0.0,0.0,0.0,0.0,0.0,0.0,0.0,0.0,0.0,0.0,0.0,0.023809523809523808,0.0,0.0,0.0,0.0,0.0,0.0,0.0,0.023809523809523808,0.0,0.0,0.0,0.0,0.0,0.0,0.0,0.0,0.0,0.0,0.0,0.047619047619047616,0.0,0.0,0.0,0.0,0.0,0.023809523809523808,0.0,0.0,0.0,0.0,0.0,0.0,0.0,0.0,0.0,0.0,0.0,0.0,0.0,0.0,0.0,0.0,0.0,0.0,0.0,0.0,0.0,0.0,0.5238095238095238,0.0,0.0,0.0,0.0,0.0,0.0,0.0,0.0,0.0
"X206629",0.0,0.0,0.0,0.0,0.0,0.005526036131774708,0.004888416578108395,0.002975557917109458,0.002975557917109458,0.0004250797024442083,0.0,0.0822529224229543,0.0,0.0,0.022741764080765142,0.005313496280552604,0.0,0.0,0.0006376195536663124,0.0,0.0,0.0,0.0010626992561105207,0.016153028692879916,0.0,0.0,0.0,0.0,0.0,0.0,0.0004250797024442083,0.07927736450584484,0.001487778958554729,0.0,0.005526036131774708,0.0,0.0,0.028905419766206163,0.0,0.0,0.020403825717321997,0.005951115834218916,0.0,0.004250797024442083,0.007438894792773645,0.004038257173219979,0.0,0.0,0.0,0.002975557917109458,0.0,0.0076514346439957494,0.006801275239107333,0.0019128586609989374,0.09840595111583422,0.0,0.0,0.0,0.0,0.0,0.0,0.0,0.0,0.0,0.0,0.0,0.0,0.0,0.0,0.0,0.0,0.0,0.0,0.0,0.0,0.0,0.0,0.0,0.0,0.004888416578108395,0.0,0.0,0.0,0.009351753453772583,0.0,0.0,0.0,0.0,0.0,0.012752391073326248,0.0,0.0,0.0,0.0,0.0,0.0,0.0,0.014027630180658874,0.0,0.0,0.0,0.0,0.0,0.0,0.0,0.0,0.002975557917109458,0.0,0.0,0.0,0.0,0.00021253985122210415,0.0,0.0,0.0,0.0,0.0,0.0,0.008076514346439958,0.0,0.0,0.0,0.0,0.016153028692879916,0.1479277364505845,0.0,0.0,0.013177470775770457,0.010839532412327312,0.0,0.0,0.016790648246546226,0.0,0.0,0.0,0.0,0.0,0.0,0.014452709883103081,0.0,0.0008501594048884166,0.0,0.0,0.003188097768331562,0.0019128586609989374,0.0,0.0,0.0,0.0,0.0,0.0,0.0,0.0,0.0006376195536663124,0.0,0.0,0.0,0.0,0.0,0.0,0.0,0.0,0.0,0.0,0.0,0.0,0.16068012752391073,0.0,0.0004250797024442083,0.0,0.0,0.0,0.0,0.0,0.0,0.0,0.0,0.0,0.0,0.01381509032943677,0.0025504782146652497,0.0820403825717322,0.0,0.0,0.0025504782146652497,0.0006376195536663124,0.0010626992561105207,0.0004250797024442083,0.03719447396386823
"X206635",0.0,0.0014025807485773824,0.0,0.0006411797707782319,0.0021239079907028934,4.0073735673639494e-05,0.009978360182736234,0.0,0.0,0.0012022120702091848,4.0073735673639494e-05,0.4736314819267452,0.0,0.00012022120702091849,0.0,0.002805161497154765,0.0,0.0,0.0,0.0,0.0018033181053137774,0.00016029494269455797,0.0,0.004448184659773984,0.0,8.014747134727899e-05,8.014747134727899e-05,0.0,0.0,0.0,0.0,0.19027009697844033,0.0,0.00048088482808367395,0.013424701450669232,0.0,0.0009617696561673479,0.0036066362106275548,0.0,0.000881622184820069,0.0,0.00012022120702091849,0.0,0.021880259677807164,0.05401939568806604,0.03089685020437605,0.0,0.0,8.014747134727899e-05,0.0,8.014747134727899e-05,4.0073735673639494e-05,0.0,0.00016029494269455797,0.0018834655766610563,8.014747134727899e-05,0.0023643504047447302,8.014747134727899e-05,0.0,4.0073735673639494e-05,0.0,0.00024044241404183698,0.0,0.0,0.00012022120702091849,0.0,0.00717319868558147,0.0,0.0,0.0,0.0,0.0,4.0073735673639494e-05,0.0,0.0009216959204937084,0.00032058988538911595,0.0,0.0,0.0,0.0,0.0,0.0,0.0,0.00561032299430953,0.0,0.0,0.003366193796585718,8.014747134727899e-05,8.014747134727899e-05,8.014747134727899e-05,0.0,0.014987577141941173,0.0,0.0,0.0,0.0,8.014747134727899e-05,0.013384627714995592,0.0,0.0016430231626192193,0.0,0.0,0.0,0.0,0.0,0.0,0.0,0.0,0.004448184659773984,0.0,0.0,0.0,0.0,0.0,0.0,0.0,0.0,0.0,0.015708904384066684,0.0,0.0,0.003887152360343031,0.0,4.0073735673639494e-05,0.01759236996072774,0.0,0.0,0.0022842029333974513,0.007012903742886912,0.0,0.0,0.000881622184820069,0.0,0.0,0.0,0.0,0.0,0.0,4.0073735673639494e-05,0.0,0.0,0.0,4.0073735673639494e-05,0.0,0.012262563116133687,0.0,0.0,0.0,0.0,0.0,0.0005209585637573135,0.001041917127514627,4.0073735673639494e-05,0.00024044241404183698,0.0,0.000881622184820069,0.0,0.004247815981405787,0.0,0.0,0.0,8.014747134727899e-05,0.0,0.0,0.00012022120702091849,0.0,0.023723651518794582,0.0,0.0,0.0,0.0,0.0,0.0,0.0,0.0,0.0,0.0,0.0003606636210627555,0.0,0.0023242766690710908,0.0,0.018634287088242368,0.0,0.0,0.0,0.013344553979321952,0.0,0.0,0.0022040554620501723
"X206643",0.0,0.0,0.0,0.0010972130787798991,0.03211176943895838,0.0005120327700972862,0.037524687294272545,7.31475385853266e-05,0.0,0.0,0.0,0.0001462950771706532,0.0,0.0,0.0,0.0017555409260478386,0.0,0.0,0.0,0.0,0.0,0.0,0.0,0.006729573549850047,0.0,0.0008046229244385927,0.0,0.0,0.0,0.0,7.31475385853266e-05,0.38863287250384027,0.0,0.0005120327700972862,0.00731475385853266,0.0,0.0012435081559505523,0.0,0.0,0.0001462950771706532,0.0,0.0,0.0,0.0005851803086826128,0.02048131080389145,0.004900885085216883,0.0,0.0,7.31475385853266e-05,0.0,0.0,0.0013898032331212055,0.0,0.0,0.0,0.000365737692926633,0.0,0.0032916392363396972,0.000365737692926633,0.0,0.0,0.0,0.0,0.0,0.0,0.0008046229244385927,0.0,0.0,0.0,0.0,0.00043888523151195964,0.0,0.0,0.0,0.0,0.0,0.0,0.0,0.0,0.0,0.0,0.0,0.0,0.0,0.0005851803086826128,7.31475385853266e-05,0.13561553653719552,0.0,0.0,0.006071245702582108,0.0001462950771706532,0.0,0.0,0.0,0.0,0.0,0.0001462950771706532,0.0016823933874625119,0.0,0.0,0.0,0.0,0.0,0.0,0.0,0.0,0.0,0.0,0.0,0.0,0.0,0.0,0.0,0.0,0.0,0.0,0.0,0.0,0.0,0.0,0.0,0.0,0.0,0.0001462950771706532,0.0019018360032184917,0.0,0.0,0.0001462950771706532,0.15280520810474726,0.0,0.0,0.03247750713188501,0.00021944261575597982,0.0,0.0,0.0,0.0,0.0005851803086826128,0.0,0.0,0.0,0.0,0.0,0.0,0.0,0.0,0.0013166556945358788,0.0,0.0,0.0,0.0,0.01462950771706532,0.0001462950771706532,0.0002925901543413064,0.0,0.0,0.0,0.0,0.00021944261575597982,0.0,0.0,0.0001462950771706532,0.0,0.0,0.0,0.0,0.11703606173652256,0.0,0.0,0.0,0.0,0.0,0.0,0.0,0.0,0.0,0.0,0.003730524467851657,0.0,0.016897081413210446,0.0,0.0010240655401945725,0.0,0.0005851803086826128,0.0,0.0,0.0,0.0,0.0
"X206669",0.0,0.0,0.0,0.0,0.0,0.0,0.0,0.5106382978723404,0.0,0.0,0.0,0.02127659574468085,0.0,0.0,0.0,0.02127659574468085,0.0,0.0,0.0,0.0,0.0,0.0,0.0,0.0,0.0,0.0,0.0,0.0,0.0,0.0,0.0,0.010638297872340425,0.0,0.0,0.0,0.0,0.0,0.0,0.0,0.0,0.0,0.0,0.0,0.0,0.0,0.0,0.0,0.0,0.0,0.0,0.0,0.0,0.0,0.0,0.0,0.0,0.0,0.0,0.0,0.0,0.0,0.0,0.0,0.0,0.0,0.0,0.0,0.0,0.0,0.0,0.0,0.0,0.0,0.0,0.0,0.0,0.0,0.0,0.0,0.0,0.0,0.0,0.0,0.0,0.0,0.0,0.0,0.0,0.0,0.0,0.0,0.0,0.0,0.0,0.0,0.0,0.0,0.0,0.0425531914893617,0.0,0.0,0.0,0.0,0.0,0.0,0.0,0.0,0.0,0.0,0.0,0.0,0.0,0.0,0.0,0.0,0.0,0.0,0.0,0.0,0.0,0.0,0.0,0.0,0.05319148936170213,0.0,0.0,0.0,0.0,0.0,0.0,0.0,0.010638297872340425,0.0,0.0,0.0,0.02127659574468085,0.0,0.0,0.0,0.0,0.0,0.0,0.0,0.0,0.0,0.0,0.0,0.0,0.0,0.0,0.07446808510638298,0.0,0.0,0.0,0.0,0.0,0.0,0.0,0.0,0.0,0.0,0.0,0.0,0.0,0.0,0.0,0.031914893617021274,0.0,0.0,0.0,0.0,0.0,0.0,0.0,0.0,0.0,0.0,0.0,0.0,0.09574468085106383,0.0,0.010638297872340425,0.0,0.0,0.0,0.0,0.0,0.0851063829787234,0.010638297872340425
"X206675",0.0,0.0,0.00025316455696202533,0.002531645569620253,0.03215189873417722,0.0,0.011139240506329114,0.0037974683544303796,0.0,0.002278481012658228,0.0,0.21063291139240506,0.0,0.0,0.0005063291139240507,0.0010126582278481013,0.0,0.0,0.0,0.0,0.0,0.02379746835443038,0.0,0.006835443037974683,0.0,0.005316455696202532,0.0,0.0,0.0,0.0,0.0012658227848101266,0.2478481012658228,0.0,0.0020253164556962027,0.0012658227848101266,0.0,0.0,0.010379746835443038,0.0027848101265822785,0.05721518987341772,0.0,0.0,0.0007594936708860759,0.0,0.011645569620253165,0.029873417721518986,0.0,0.0,0.0,0.0,0.0,0.0,0.0,0.008860759493670886,0.034430379746835445,0.0007594936708860759,0.0,0.0,0.0,0.0,0.0,0.0005063291139240507,0.00025316455696202533,0.0,0.028354430379746835,0.0,0.019240506329113925,0.0,0.0,0.0,0.0005063291139240507,0.0,0.0,0.0,0.0,0.0030379746835443038,0.0,0.0,0.0010126582278481013,0.0,0.0027848101265822785,0.0,0.0,0.019240506329113925,0.0,0.0,0.0,0.0,0.0,0.0,0.0,0.014936708860759493,0.0,0.0,0.0,0.0,0.00025316455696202533,0.0037974683544303796,0.0,0.0,0.0005063291139240507,0.0015189873417721519,0.0,0.0,0.0,0.0,0.0,0.0,0.005316455696202532,0.0,0.0,0.0,0.0,0.0027848101265822785,0.0,0.0,0.0,0.0,0.01139240506329114,0.0,0.0,0.0,0.0007594936708860759,0.0005063291139240507,0.0,0.00025316455696202533,0.0,0.016708860759493672,0.017215189873417722,0.0,0.0,0.0,0.0,0.0,0.0,0.0,0.0,0.0012658227848101266,0.0,0.002278481012658228,0.002278481012658228,0.0007594936708860759,0.0027848101265822785,0.0,0.0035443037974683543,0.0,0.0027848101265822785,0.0,0.0,0.0,0.0,0.0017721518987341772,0.0,0.0017721518987341772,0.0,0.0,0.0017721518987341772,0.015443037974683544,0.0,0.0,0.0,0.008354430379746836,0.0,0.0012658227848101266,0.0,0.0,0.05291139240506329,0.0,0.0,0.0,0.0,0.0,0.0,0.0,0.0,0.0,0.0,0.0007594936708860759,0.0,0.011139240506329114,0.0,0.02531645569620253,0.0005063291139240507,0.0,0.0,0.0030379746835443038,0.0,0.0,0.0
"X206677",0.0002584647195657793,0.0,0.0015507883173946756,0.0027138795554406824,0.007624709227190488,0.0,0.0031015766347893513,0.004264667872835358,0.0006461617989144482,0.0,0.0,0.24101835099508917,0.0,0.0,0.0,0.0136986301369863,0.0,0.0,0.0,0.0,0.0,0.0,0.0,0.011889377100025847,0.0,0.005040062031532695,0.0,0.004135435513052468,0.0019384853967433445,0.0,0.0,0.13194623933833033,0.001033858878263117,0.0005169294391315585,0.02894804859136728,0.0012923235978288964,0.0,0.0007753941586973378,0.0003876970793486689,0.0,0.0,0.005427759110881365,0.0,0.0,0.0,0.0009046265184802275,0.0,0.0,0.00012923235978288964,0.0,0.0,0.0,0.0,0.0,0.0,0.0,0.0,0.0011630912380460067,0.0012923235978288964,0.0,0.0,0.0,0.0,0.0,0.0,0.0,0.0002584647195657793,0.0,0.0,0.0,0.002455414835874903,0.0,0.0,0.0,0.0,0.0,0.0027138795554406824,0.0,0.0,0.0,0.0,0.0,0.002196950116309124,0.0,0.0,0.0,0.0,0.0,0.0,0.010338588782631171,0.0,0.0002584647195657793,0.0,0.0,0.0,0.0,0.0,0.004135435513052468,0.0,0.0,0.0,0.008658568105453606,0.0,0.006720082708710261,0.0,0.0,0.0,0.0002584647195657793,0.0,0.0,0.0,0.0,0.0,0.0,0.0002584647195657793,0.0012923235978288964,0.0,0.0,0.0,0.0,0.0005169294391315585,0.00012923235978288964,0.0,0.00012923235978288964,0.00361850607392091,0.0,0.002455414835874903,0.0,0.0,0.0,0.0,0.16619281468079608,0.0,0.0,0.0,0.00361850607392091,0.0,0.0,0.0,0.0025846471956577927,0.0,0.0,0.0,0.0,0.0,0.0,0.0005169294391315585,0.0,0.00012923235978288964,0.00012923235978288964,0.00012923235978288964,0.0,0.00012923235978288964,0.0016800206771775653,0.0,0.0,0.0,0.0,0.0,0.0,0.00012923235978288964,0.0,0.0,0.0,0.0,0.0,0.20599638149392607,0.0,0.0,0.0,0.0005169294391315585,0.0002584647195657793,0.0002584647195657793,0.0,0.0025846471956577927,0.0,0.0,0.0,0.0,0.06965624192297751,0.0,0.0273972602739726,0.0,0.0,0.0,0.0,0.0,0.0,0.0
"X206683",4.3533150494101256e-05,0.0,0.0,0.0,0.0002611989029646076,0.0,0.004266248748421924,0.0005659309564233164,0.0,0.0,0.0006965304079056201,0.3359017892124853,0.0,0.0,0.0,8.706630098820251e-05,0.00017413260197640502,0.0,0.0037003177919986067,0.0,0.0,0.00017413260197640502,0.0,0.01105742022550172,0.0,0.0003047320534587088,0.0,0.0,0.0,0.0,0.0018283923207522527,0.36202167950894604,0.0,0.0018719254712463542,0.002350790126681468,0.0,0.001697792869269949,0.004919246005833442,0.0,0.00021766575247050628,0.0,0.0,0.0,0.0009577293108702277,0.01628139828479387,0.007879500239432327,0.0,0.0,0.00017413260197640502,0.0,0.0,0.00021766575247050628,0.0,0.0018283923207522527,0.010273823516607897,4.3533150494101256e-05,0.0,0.00034826520395281004,0.0,0.0,0.0003047320534587088,0.0,0.0,0.0,0.0,0.0,4.3533150494101256e-05,0.001349527665317139,0.0,0.0,0.0,0.0,4.3533150494101256e-05,0.0,0.0,0.0010012624613643288,0.0,0.0,0.0,0.0,0.0,0.0,0.0,0.007748900787950024,0.0,0.0,0.016542597187758478,0.0,0.0,4.3533150494101256e-05,0.0,0.018806321013451744,0.0,0.0,0.0,0.0,4.3533150494101256e-05,0.008706630098820252,0.0,4.3533150494101256e-05,0.0,0.0,0.0,0.0,0.0,0.0,0.0,0.0,0.0029602542335988857,0.0,0.0,0.0,0.0,0.0,0.0,0.0,0.0,0.0,0.0050933786078098476,0.0,0.0,0.0,0.0,8.706630098820251e-05,0.006312306821644682,0.0,0.0,0.002176657524705063,0.01245048104131296,0.0002611989029646076,0.0,0.0022637238256932655,0.0,0.0,0.0,0.0,0.0,0.0,0.0,0.0,0.0,0.0,0.0,0.0,0.003874450393975012,0.0,8.706630098820251e-05,0.0,0.0,0.0,0.0,0.0017848591702581515,0.0,0.0022637238256932655,0.0,0.0002611989029646076,0.0,0.0005223978059292151,0.0,0.0,0.0,0.0,0.0,0.0,0.0,0.0,0.11248966087675766,0.0,0.0,0.0,0.0,0.0,0.0,0.0,4.3533150494101256e-05,0.00021766575247050628,0.0,0.001175395063340734,0.0,0.0003047320534587088,0.0,0.013147011449218579,0.0,0.0,0.0,0.0012624613643289365,0.0,0.0,0.006138174219668277
"X206712",0.0,0.0,0.00041407867494824016,4.6008741660915574e-05,0.0034966643662295836,0.0,0.017713365539452495,4.6008741660915574e-05,0.0,0.0,0.0,0.027513227513227514,0.0,0.0006901311249137336,0.0,0.0010121923165401427,0.0005060961582700714,0.0,0.0,0.0,0.0,0.0,0.0,0.03087186565447435,0.0,4.6008741660915574e-05,0.0,0.0,0.0,0.0,0.0022084195997239477,0.5458017023234415,0.0,0.00023004370830457787,0.0011502185415228894,0.0,0.004140786749482402,0.019277662755923627,0.0,0.0001840349666436623,0.0,0.00676328502415459,0.0,0.00280653324131585,0.017851391764435242,0.0017943409247757074,0.0,0.0,0.00027605244996549346,0.0,0.0,0.00013802622498274673,0.0,0.0,0.026224982746721876,4.6008741660915574e-05,0.0006441223832528181,0.0006901311249137336,0.0,4.6008741660915574e-05,0.0,0.0,0.0,0.0,4.6008741660915574e-05,0.0,0.01320450885668277,0.0,4.6008741660915574e-05,0.0,0.0,0.0,0.0,0.0,0.0,0.00046008741660915573,0.0,0.0,0.0,0.0,0.0,0.0,0.0,0.0,0.0,0.0,0.00013802622498274673,0.0,0.0,0.0006441223832528181,0.0,0.0007361398665746492,0.0,0.0,0.0,0.0,0.0,0.00791350356567748,0.0,0.0,0.0,0.0,0.0,0.0,0.0,0.0,0.0,0.0,0.0,0.0,0.0001840349666436623,0.0,0.0003680699332873246,0.0,0.0,0.0,0.0,0.00013802622498274673,0.012560386473429951,0.0,0.0,0.00239245456636761,0.0,4.6008741660915574e-05,0.027099148838279272,0.0,0.00013802622498274673,0.0017023234414538762,0.0021164021164021165,0.0,0.0,0.00013802622498274673,0.0,0.0,0.0,0.0,4.6008741660915574e-05,0.0,0.0,0.04320220841959972,0.0,0.0,0.0,0.0,0.0035886818495514147,0.0,0.0,0.0,0.0,0.0,0.0,0.001196227283183805,9.201748332183115e-05,9.201748332183115e-05,0.0,0.0017483321831147918,0.011180124223602485,0.0,0.0,0.0,0.0,4.6008741660915574e-05,0.0,0.0,0.0,0.0,0.11741430871865655,0.0,0.0,0.0017483321831147918,0.0,0.0,0.0,0.0001840349666436623,0.0,0.0011502185415228894,0.0,4.6008741660915574e-05,0.0,0.0007361398665746492,0.0,0.028019323671497585,0.0,0.0,0.0,0.0,0.0,0.0,0.006809293765815505
"X206731",0.0,0.016728775113415424,0.35349157485418015,0.0003240440699935191,0.016850291639662993,8.101101749837978e-05,0.0649303305249514,0.00012151652624756967,0.0,0.0,0.00012151652624756967,0.18980881399870383,4.050550874918989e-05,0.0,0.008911211924821775,0.0005265716137394685,0.0,0.001134154244977317,0.0,0.0004050550874918989,0.0005265716137394685,0.0037670123136746597,0.0,0.008708684381075827,0.0,0.000729099157485418,0.0,0.0,0.0,8.101101749837978e-05,0.0003240440699935191,0.07849967595593,8.101101749837978e-05,0.0005265716137394685,0.01085547634478289,0.0,0.00012151652624756967,0.00741250810110175,0.0013771872974724562,0.008425145819831496,0.0,0.0,0.0,0.015797148412184058,0.04119410239792612,0.002916396629941672,0.0008911211924821776,0.0,0.00012151652624756967,0.0,0.0,8.101101749837978e-05,0.0,0.0039290343486714195,0.005225210628645496,4.050550874918989e-05,0.001903758911211925,4.050550874918989e-05,0.0,0.0004860661049902787,0.0,0.0,0.0,0.0,0.0015392093324692157,0.0,0.008141607258587168,0.0,0.0,0.0005670771224886585,0.0,0.0,0.0,0.0,0.0034834737524303307,0.0,0.0,0.0,0.0,0.0,0.0,4.050550874918989e-05,0.0,0.01130103694102398,0.0,0.0,4.050550874918989e-05,0.0,0.0,0.0,0.0,0.0017822423849643552,0.0,0.0,4.050550874918989e-05,0.0,0.0,0.0014176928062216462,0.0,0.01130103694102398,0.0,0.0,0.0,0.0,0.001053143227478937,0.0,0.0,0.0,0.017862929358392742,0.0009316267012313674,0.0,0.0,0.0,0.0,0.0,8.101101749837978e-05,0.0,0.0,0.019159105638366817,0.0,0.0,4.050550874918989e-05,0.0,0.0,0.004860661049902786,0.0,0.0,0.002956902138690862,0.0023898250162022036,0.0,0.0,0.0014176928062216462,0.0,0.0,0.0,0.0,0.0,0.00016202203499675956,0.0,0.005184705119896306,0.0,0.0,0.0,0.0,0.0059948152948801035,0.0,0.0,0.0,0.0,0.0,0.0,0.0004455605962410888,0.0,0.0012961762799740765,0.0,0.0014987038237200259,0.001134154244977317,0.0023898250162022036,0.0,0.00012151652624756967,0.0,0.0,0.0,0.0,0.00012151652624756967,0.0,0.030784186649384315,0.0,0.0,0.0,0.0,0.0,0.0,0.0004860661049902787,4.050550874918989e-05,0.0008506156837329876,0.0,0.0,0.005549254698639015,0.0,0.0,0.005225210628645496,0.0,0.0,0.0,0.00020252754374594945,0.0,0.0,0.0005670771224886585
"X206761",0.0,0.0,0.00034075904076330023,0.0,0.0017037952038165014,4.259488009541253e-05,0.00034075904076330023,0.00012778464028623759,0.0,0.0,0.0,0.018613962601695275,0.0,0.0,4.259488009541253e-05,0.010648720023853133,4.259488009541253e-05,0.0,0.0,0.0,0.0,0.0,0.0,0.0042168931294458405,4.259488009541253e-05,0.00017037952038165011,0.0,0.0,0.0,0.0,0.0032372108872513526,0.5209353835668953,4.259488009541253e-05,0.0,0.0014908208033394385,0.0,0.00021297440047706267,0.013204412829577884,0.0,0.00034075904076330023,0.0,0.0005111385611449503,0.0,0.004429867529922903,0.025003194616007154,0.004642841930399966,0.0,4.259488009541253e-05,4.259488009541253e-05,0.0,0.0,4.259488009541253e-05,0.0,0.0,0.004003918728968778,0.00017037952038165011,4.259488009541253e-05,0.00034075904076330023,0.0,0.0,0.0,0.0,0.0,0.0,0.0,0.0,0.0,0.0,0.0,0.0,8.518976019082506e-05,0.0,0.0,0.0,0.0,4.259488009541253e-05,0.0,8.518976019082506e-05,0.0,0.0,0.0,0.0,0.0,0.0,0.0,0.0,0.04523576266132811,0.0,0.0,0.004302082889636666,0.0,0.0009796822421944882,0.0,0.0,0.0,0.0,0.0,0.0,0.0,0.0,0.0,0.0009370873620990757,0.0,0.0,0.0,0.0,0.0,0.0,8.518976019082506e-05,0.0,0.0,0.0,0.0,0.0,0.0,0.0,0.0,4.259488009541253e-05,0.011585807385952208,0.0,0.0,0.009157899220513695,0.0,8.518976019082506e-05,0.02470503045533927,0.0,0.0,0.016058269795970526,0.00021297440047706267,0.0,0.0,0.04515057290113728,0.0,0.001448225923244026,8.518976019082506e-05,0.0,0.0,4.259488009541253e-05,0.00741150913660178,0.014950802913489799,0.0,0.0,0.0,0.0,0.0012352515227669633,0.0,0.0,0.0,0.0,0.0,0.0,0.0005537334412403629,0.0005963283213357754,0.00021297440047706267,0.0,0.00034075904076330023,0.0,0.0,0.0,0.0,0.0,0.00012778464028623759,0.0,0.0,0.0,0.0,0.14333177152106316,0.0,0.0,0.0,0.0,0.0,0.0,0.0,0.0,0.0,0.0,0.0002981641606678877,0.0,0.034714827277761214,0.0,0.02014737828513013,0.0,0.0,0.0,0.0006815180815266005,0.0,0.0,0.0
"X224325",0.0,0.001939719486720382,0.006751715905699791,0.0004849298716800955,0.011526410026857654,3.730229782154581e-05,0.013242315726648761,7.460459564309162e-05,0.0,0.0,0.0,0.12246344374813488,0.0,3.730229782154581e-05,0.027267979707549985,0.0019770217845419278,0.0,0.0,0.0,0.0,0.0002984183825723665,0.012197851387645479,0.0,0.004252461951656222,0.0,0.0006714413607878246,0.00011190689346463742,0.0,0.0,0.0,3.730229782154581e-05,0.3279245001492092,0.07408236347358997,7.460459564309162e-05,0.005819158460161146,0.0,7.460459564309162e-05,0.0030587884213667564,0.0016039988063264697,0.06415995225305879,0.0,0.0006714413607878246,0.0,0.00022381378692927484,0.020068636227991644,0.005819158460161146,0.02249328558639212,0.0006714413607878246,0.0005222321695016413,0.0,0.0,3.730229782154581e-05,0.0,0.0,0.00462548492987168,0.0,0.0012682781259325574,7.460459564309162e-05,0.0,0.00026111608475082066,0.0,7.460459564309162e-05,0.0,0.0,0.003506415995225306,0.0,0.0012309758281110117,0.0,0.0,0.0,0.00022381378692927484,0.00026111608475082066,0.00022381378692927484,0.0,0.0,0.0010444643390032826,0.0,0.0003357206803939123,0.0,3.730229782154581e-05,0.0,3.730229782154581e-05,0.0,0.0,0.0,0.0,0.00022381378692927484,0.0,0.0,0.0,0.0,0.002573858549686661,0.0,3.730229782154581e-05,0.0,3.730229782154581e-05,0.0004849298716800955,0.0011190689346463742,0.0,7.460459564309162e-05,0.0,0.00022381378692927484,0.0,0.0,0.0,0.0,0.0,0.0,0.04289764249477768,0.009773202029245002,0.0,0.0,0.0005595344673231871,0.0,0.0,0.0,0.0,0.0,0.0030214861235452104,0.0,0.0,0.023724261414503133,0.0,3.730229782154581e-05,0.00041032527603700387,0.0,0.00041032527603700387,0.00018651148910772903,0.005595344673231871,0.0,0.0,0.0005222321695016413,0.0,0.0,0.00011190689346463742,0.0,0.0,0.00026111608475082066,3.730229782154581e-05,0.00693822739480752,0.0,0.0,0.0,0.0,0.0005595344673231871,0.000596836765144733,0.003096090719188302,0.028685467024768724,0.0,0.0,0.0,0.0010817666368248284,0.00011190689346463742,0.0022008355714712028,0.0,0.0,0.035660996717397794,0.0019024171888988362,0.0,0.0,0.0,0.0,0.0,0.0,0.0,0.0,0.015592360489406147,0.0,0.0,0.0,0.0,0.0,0.0,0.01503282602208296,0.0,0.0003357206803939123,0.0,0.00026111608475082066,0.0,0.04823187108325873,0.0,0.002573858549686661,0.0,0.0,0.0,0.00041032527603700387,0.0,0.0,0.0005222321695016413
"X206571",0.0,0.0,0.0,0.0,0.0005350454788657035,0.0,0.0029045325995566765,0.000993655889322021,0.0,0.0,0.0,0.09294504318581365,0.0,0.0,0.0,0.0035160131468317665,0.0,0.0,0.0,0.0,0.0,0.0,0.0,0.006114805472750898,0.0,0.00022930520522815867,0.0,0.0,0.0,0.0,0.0,0.4910188794618971,0.0,0.0005350454788657035,0.002598792325919132,0.0,0.0007643506840938623,0.0,0.0,0.0,0.0,0.007567071772529237,0.0,0.0,0.0,0.0,0.0,0.0,0.0,0.0,0.0,0.0,0.00022930520522815867,0.0,0.00022930520522815867,0.0,0.0,0.0003057402736375449,0.0,0.0,0.0,0.0,0.0,0.0,0.0,0.0,0.009554383551173279,0.0,0.0,0.0,0.0,0.0,0.0,0.0,0.0,0.0,0.0,0.0,0.0,0.0,0.0,0.0,0.0,0.0,0.00022930520522815867,0.0,0.011388825192998548,0.0,0.0,0.0007643506840938623,0.0,0.0,0.0,0.0,0.0,0.0,0.0,0.0,0.0,0.0,0.0,0.0,0.0,0.0,0.0,0.0,0.0,0.0,0.0,0.0,0.0,0.0,0.0,0.0,0.0,0.0,0.00022930520522815867,0.0,0.010395169303676528,0.00022930520522815867,0.0,0.0032102728731942215,0.0,0.00015287013681877245,0.005503324925475808,0.0,0.0,0.0,0.02507070243827868,0.0,0.0,0.03500726133149889,0.0,0.0,0.0,0.0,0.0,0.0,0.24711457616754567,0.0,0.0,0.0,0.0,0.0,0.0016815715050064969,0.0,0.0,0.0,0.0,0.0,0.0,0.0,0.0,0.0,0.00045861041045631735,0.0,0.0,0.0,0.0,0.0,0.0,0.0028280975311472905,7.643506840938622e-05,0.0,0.0,0.0,0.006802721088435374,0.0,0.0,0.0,0.0,0.0,0.0,0.0,0.0,0.0,0.0,0.0003057402736375449,0.0,0.0006114805472750898,0.0,0.027898799969425972,0.0,0.0,0.0,0.0,0.0,0.0,0.0
"X219644",0.0,0.0,4.3355733795794494e-05,0.00026013440277476696,0.0010405376110990678,4.3355733795794494e-05,0.0005202688055495339,0.00026013440277476696,0.0,0.0,0.0,0.07851723390418383,0.0,0.00013006720138738348,0.0,0.0016475178842401909,4.3355733795794494e-05,0.0,0.0,0.0,0.0,0.0,0.0,0.08636462172122263,0.0,0.00030349013657056146,0.0,0.0,0.0,0.0,0.0,0.07127682636028615,0.0,0.002644699761543464,0.0009104704097116844,0.0,0.0,0.017038803381747236,0.0,8.671146759158899e-05,0.0,0.00017342293518317797,0.0,0.00026013440277476696,4.3355733795794494e-05,0.0018209408194233688,0.00030349013657056146,0.0,0.0,0.0,0.0,0.0,0.00013006720138738348,0.0,0.11038369824409278,0.0,4.3355733795794494e-05,0.0009971818773032734,0.0,0.0,8.671146759158899e-05,0.0,0.0,0.0,0.0,0.0,0.0,0.0,0.0,0.0,0.00013006720138738348,0.0,0.00013006720138738348,0.0,0.0,0.0,0.0,4.3355733795794494e-05,0.0,0.0,0.0,0.0,0.0,0.0,0.0,0.0,0.0,4.3355733795794494e-05,0.0,0.05003251680034684,0.0,0.0,0.0,0.00017342293518317797,0.0,0.0,0.0,0.10336006936917408,0.0,0.0,0.0,0.0,0.0,0.0,0.0,0.0,0.0,0.0,0.0010838933448948623,0.001300672013873835,0.0,0.0,0.00043355733795794494,0.0,0.0,0.00043355733795794494,0.0,0.00013006720138738348,0.007847387817038804,0.0,0.0,0.0006503360069369175,0.0,0.00013006720138738348,0.17381313678734012,0.00034684587036635595,0.0,0.0012139605462822458,0.0012573162800780403,0.0,0.0,0.00039020160416215044,0.0,0.0,0.0,0.0,0.0,0.0,0.0,0.00013006720138738348,0.0,0.0,0.0,0.00017342293518317797,0.003251680034684587,0.0,0.0006503360069369175,0.0,0.0,0.0,0.0,0.0035551701712551484,0.00026013440277476696,0.0007370474745285064,0.0,0.00034684587036635595,0.0,0.0,0.0,0.0,0.0,0.0,0.0,0.0,0.0,4.3355733795794494e-05,0.0763060914805983,0.0,0.0,0.0,0.0,0.0,0.0,0.013743767613266854,0.0,0.00047691307175373943,8.671146759158899e-05,0.0,0.0,0.0,0.0,0.1819206590071537,0.0,0.0,0.0,0.0,0.0,0.0,0.0
"X219645",0.0,0.0,0.0,0.0,0.00013000520020800833,0.0,0.008840353614144566,0.0,0.0,4.3335066736002776e-05,0.0,0.2644739122898249,0.0,4.3335066736002776e-05,4.3335066736002776e-05,0.00013000520020800833,0.0,0.0,0.0,0.0,0.0,0.0,0.0,0.0010400416016640667,0.0,0.0,0.0,0.0,0.0,0.0,4.3335066736002776e-05,0.4385508753683481,0.0,0.0018634078696481192,0.000390015600624025,0.0,0.0003466805338880222,0.005720228809152366,0.0,4.3335066736002776e-05,0.0,0.00013000520020800833,0.0,0.0018200728029121164,0.0,0.0,0.0,0.0,0.0,0.0,0.0,0.0,0.0,4.3335066736002776e-05,0.015297278557808979,0.0,0.0,0.0,0.0,0.0,0.0,0.0,0.0,0.0,0.0,0.0,0.002296758537008147,0.0,0.0,0.0,0.0,0.0,0.0,0.0,0.0,0.0010833766684000693,0.0,0.0,0.0,0.0,0.0,0.0,0.0,0.0,0.0,0.0,0.03692147685907436,0.0,0.0,0.004983532674640319,0.0,0.022837580169873462,0.0,0.0,0.0,0.0,0.0,0.004983532674640319,0.0,0.0,0.0,0.00013000520020800833,0.0,0.0,0.0,0.0,0.0,0.0,0.0,0.0,0.0,0.0,0.0,0.0,0.0,0.0,0.0,0.0,0.016510660426417058,4.3335066736002776e-05,0.0,0.0001733402669440111,0.0,0.0,0.014777257756976945,0.0,0.0,0.013390535621424856,0.05295545155139539,0.0,0.0,4.3335066736002776e-05,0.0,0.0,8.667013347200555e-05,0.0,0.0,0.0,0.00013000520020800833,4.3335066736002776e-05,0.0,0.0,0.0,0.0,0.0029467845380481885,0.0,0.0,0.0,0.0,0.0,4.3335066736002776e-05,0.0,8.667013347200555e-05,0.0001733402669440111,0.0,0.0,0.0,0.0,0.0,0.0,0.0,0.0036834806725602356,0.0,0.0,0.0,0.0,0.017550702028081122,0.0004766857340960305,0.0,0.0,0.0,0.0,0.0,0.0,0.0,0.0,0.0,0.0,0.0,0.0,0.0,0.06461258450338013,0.0,0.0,4.3335066736002776e-05,0.0,0.0,0.0,0.0
"X219670",0.0,0.005287384921622294,0.0,0.0019283403831798955,0.02040308534461309,0.0001244090569793481,0.015488927593928838,0.0006220452848967405,0.0,0.0,6.220452848967405e-05,0.21298830554864395,0.0001244090569793481,0.0,0.002985817367504354,0.0005598407564070665,0.0001244090569793481,0.0,0.0,0.0002488181139586962,0.0005598407564070665,0.002363772082607614,0.0,0.0075267479472505595,0.0,0.0,0.0,0.0,0.0,0.0002488181139586962,0.00031102264244837026,0.06587459567056482,0.0002488181139586962,0.003670067180890769,0.0009330679273451107,0.0,0.0010574769843244589,0.00553620303558099,0.004540930579746205,0.023513311769096792,0.0,0.0,0.0,0.003856680766359791,0.05131873600398109,0.01306295098283155,0.0009952724558347848,0.0,0.00018661358546902214,0.0,0.0003732271709380443,6.220452848967405e-05,0.0,0.04851953222194576,0.012503110226424483,0.0008086588703657626,0.11551380940532471,0.0001244090569793481,0.0,0.001119681512814133,0.0,0.008086588703657626,0.0,0.0001244090569793481,0.002425976611097288,0.0,0.0179771087335158,0.0001244090569793481,0.0,0.0,0.0,0.0,0.0001244090569793481,0.0006842498133864145,0.0,0.0010574769843244589,0.0,0.0,0.0,0.0,0.0,0.0,0.0,0.011570042299079373,0.0,0.00018661358546902214,0.0,0.0,0.0,0.0010574769843244589,0.0,0.0005598407564070665,0.0001244090569793481,0.0,0.0,0.0,0.0,0.018599154018412542,0.0,0.008210997760636975,0.0,0.0,6.220452848967405e-05,0.0,0.0,0.0,0.0,0.0,0.041801443145060964,0.00031102264244837026,0.0,0.0,0.0,0.0,0.0,0.0,0.0,6.220452848967405e-05,0.033279422741975616,0.0,0.0,0.056232893754665336,0.0,6.220452848967405e-05,0.007588952475740234,0.0,0.0,0.0002488181139586962,0.008646429460064694,6.220452848967405e-05,0.0,0.0002488181139586962,0.0,0.0,0.0,0.0,0.0,0.0,0.0,0.03900223936302563,0.0,0.0,0.0,6.220452848967405e-05,0.03396367255536203,0.0,0.0,0.011259019656631003,0.0,0.0,0.0,0.001430704155262503,0.0,6.220452848967405e-05,0.0,6.220452848967405e-05,0.0066558845483951235,0.002674794725055984,0.0,0.0,0.0,6.220452848967405e-05,0.0,0.0,0.0001244090569793481,0.0,0.03638964916645932,0.0,0.0,0.0,0.0,0.0,0.0,0.0,0.0,0.01107240607116198,0.0,0.00031102264244837026,0.0,0.0007464543418760885,0.0,0.007775566061209256,0.0,0.0,0.0,0.0003732271709380443,0.0,0.0,0.002674794725055984
