"","Tepidimonas","Christensenellaceae_R_7_group","Prevotella","Family_XIII_AD3011_group","Paracoccus","Ruminiclostridium","Run_SP154(order)","Corynebacterium","uncultured","Rhodovarius","Pseudomonas","Sphingomonas","Ornithinimicrobium","Lactobacillus","Oscillibacter","Faecalibacterium","Lachnospiraceae_FCS020_group","Hungatella","Sutterella","Veillonella","Chryseobacterium","_Ruminococcus_gauvreauii_group","Ruminococcaceae_UCG_010","Faecalitalea","Clostridiales_vadinBB60_group(family)","Lactonifactor","Lachnospiraceae_UCG_001","Ruminococcaceae_UCG_003","Blautia","Gemella","Leptotrichia","Alloscardovia","Thermus","Sphingobacterium","Collinsella","Bacteroides","Porphyromonas","Hydrogenoanaerobacterium","Butyricicoccus","Streptococcus","Intestinibacter","Paraprevotella","_Eubacterium_hallii_group","Ruminococcaceae_NK4A214_group","Alistipes","Catenisphaera","Fusobacterium","Bifidobacterium","Subdoligranulum","Coprococcus","Odoribacter","Abiotrophia","Actinomyces","Defluviitaleaceae_UCG_011","Acinetobacter","Capnocytophaga","Anaerococcus","Ruminococcaceae_UCG_014","Roseburia","Candidatus_Soleaferrea","Defluviicoccus","Ruminococcus","_Clostridium_innocuum_group","Tannerella","Anaerotruncus","_Eubacterium_brachy_group","Romboutsia","Anaerofustis","_Eubacterium_xylanophilum_group","Lachnospiraceae_NK4A136_group","Peptococcus","Ochrobactrum","Butyricimonas","Rothia","Solobacterium","Gastranaerophilales(order)","Desulfovibrio","Ruminococcaceae_UCG_013","Subgroup_6(class)","Jonquetella","Atopobium","Methylobacterium","Mollicutes_RF9(order)","Plantactinospora","Scardovia","Faecalibaculum","Lachnoanaerobaculum","Phascolarctobacterium","Bacteroidales_S24_7_group(family)","Family_XIII_UCG_001","Tyzzerella","_Eubacterium_nodatum_group","Enhydrobacter","Gallicola","Erysipelatoclostridium","Parasutterella","Alloprevotella","Selenomonas","Megasphaera","Dorea","Atopostipes","_Eubacterium_coprostanoligenes_group","Family_XIII_UCG_002","Dysgonomonas","Methanobacterium","Eikenella","Hydrotalea","Rhizobium","Cardiobacterium","Caulobacter","Knoellia","Ruminococcaceae_UCG_002","Barnesiella","Phenylobacterium","Lachnospiraceae(family)","Parvimonas","Lactococcus","Oribacterium","Peptostreptococcus","Lachnospiraceae_UCG_008","Chloroplast(class)","Acidovorax","Dialister","Thermicanus","Staphylococcus","Anaerostipes","Acidaminococcus","Campylobacter","Deinococcus","Lachnospira","Lachnoclostridium","Cloacibacterium","Haemophilus","Lachnospiraceae_UCG_004","Aerococcus","Morganella","Haliangium","Aggregatibacter","Eisenbergiella","Caloramator","PHOS_HE51(family)","Eubacterium","Catonella","Stenotrophomonas","Lysobacter","Alishewanella","Erysipelotrichaceae_UCG_010","Cytophaga","Ruminococcaceae_UCG_004","Proteus","Citrobacter","Stomatobaculum","Parabacteroides","Proteiniphilum","Bdellovibrio","Solirubrobacter","Allisonella","Turicibacter","Finegoldia","Bacillus","Fusicatenibacter","DS","Mogibacterium","Dielma","Johnsonella","Catenibacterium","Acetobacterium","Adlercreutzia","Shuttleworthia","Pseudoclavibacter","Akkermansia","Flavonifractor","Eggerthella","Granulicatella","Candidatus_Stoquefichus","Lachnospiraceae_ND3007_group","Bilophila","Ruminococcaceae_UCG_005","Sphingobium","Herminiimonas","Cryptobacterium","Methanobrevibacter","Facklamia","Clostridium_sensu_stricto","uncultured(family)","Christensenella","Peptoniphilus","_Eubacterium_rectale_group","Slackia","Erythrobacter","Devosia","Lachnospiraceae_UCG_010","Hafnia_Obesumbacterium","_Eubacterium_ventriosum_group","Holdemania","Holdemanella","Escherichia_Shigella","Rhodopseudomonas","_Ruminococcus_gnavus_group","Pseudoxanthomonas","Acetanaerobacterium","Epulopiscium","Micrococcus","_Eubacterium_eligens_group","Lawsonella","Erysipelotrichaceae_UCG_003","Thermoanaerobacterium"
"X206704",0.0,0.0013501107090781444,0.00016201328508937734,0.0002160177134525031,0.0,0.005346438407949452,0.0,0.0,0.0037263055570556786,0.0,0.0002160177134525031,0.0,0.0,0.0004320354269050062,0.0,0.08516498352864935,0.0,0.0,0.0,0.001944159421072528,0.0,0.00010800885672625155,0.0,0.0003240265701787547,0.0,5.400442836312577e-05,0.0002160177134525031,0.00016201328508937734,0.05756872063509208,0.0007020575687206351,5.400442836312577e-05,0.0,0.0,0.0,0.0011340929956256413,0.2428039099206135,0.0,0.0,0.0014041151374412702,0.019117567640546524,0.0006480531403575094,0.0,0.014365177944591457,0.005346438407949452,0.005076416266133823,0.0,0.0010260841388993898,0.0017821461359831506,0.04077334341415996,0.0014041151374412702,0.0,0.0,0.00016201328508937734,5.400442836312577e-05,0.0,0.0,0.0,0.0,0.00934276610682076,0.0,0.0,0.00626451369012259,0.00016201328508937734,0.0,0.0,0.0,0.00037803099854188043,0.0,0.0008100664254468866,0.003348274558513798,0.0,0.0,0.0,0.00037803099854188043,0.0,0.0,0.0,0.00016201328508937734,0.0,0.0,0.0,0.0,0.0,0.0,0.0,0.0,0.0,0.0,0.0,0.0,0.0,0.0,0.0,0.0,0.00027002214181562887,0.020359669492898417,0.0,0.0,0.03515688286439488,0.003348274558513798,0.0,0.00016201328508937734,0.0,0.0,0.0,5.400442836312577e-05,0.0,0.0,5.400442836312577e-05,0.0,0.0,0.0007560619970837609,0.0,0.0,0.0,0.00010800885672625155,0.0,0.0,0.0,0.06129502619214776,0.0,0.0,0.019711616352540907,0.0,0.0,0.028406329319004157,0.0,0.0,0.0,0.0017281417076200247,0.004752389695955068,0.0,0.051682237943511365,0.0,0.0,0.0,0.0,0.0,0.0,0.0,0.0,0.0,0.0,0.0,0.0,0.0,0.0,0.0,0.0003240265701787547,0.0,0.0,0.0,0.041259383269428095,0.0,0.0,0.0,0.0007020575687206351,0.0,0.0,0.0,0.005562456121401955,0.0,0.0,0.0,0.0,0.0,0.0,0.0,0.0,0.0,0.0022141815628881566,0.0076146243992007345,0.0,0.00016201328508937734,0.00010800885672625155,0.0012421018523518929,0.003348274558513798,0.0015121239941675217,0.0,0.0,0.00010800885672625155,0.0,0.0,0.00010800885672625155,0.0,0.0,0.0,0.16757574121077928,0.0,0.0,0.0,0.0,0.0,0.004266349840686937,0.0002160177134525031,0.0,0.0104768591024464,0.0,0.010854890100988281,0.0,0.0,0.0,0.0,0.0008100664254468866,0.0,0.0,0.0
"X206703",0.0,0.0005877167205406994,0.0001763150161622098,0.0,0.0,0.002468410226270937,0.0,0.0,0.007052600646488392,0.0,5.877167205406994e-05,0.0,0.0,0.0012929767851895385,0.0,0.05130766970320306,0.0,5.877167205406994e-05,0.0,0.005994710549515133,0.0,0.00011754334410813987,0.0,5.877167205406994e-05,0.0,5.877167205406994e-05,0.0004701733764325595,0.00011754334410813987,0.01892447840141052,0.0004701733764325595,0.0,0.0,0.0,0.0,0.0001763150161622098,0.4364972083455774,0.0,0.0,0.0007052600646488392,0.008521892447840141,0.0015280634734058183,0.0,0.015398178078166324,0.0011754334410813989,0.006112253893623273,0.0,0.000999118424919189,0.0006464883925947693,0.014928004701733765,0.002585953570379077,0.0,0.0,5.877167205406994e-05,5.877167205406994e-05,0.00011754334410813987,0.0,5.877167205406994e-05,0.0,0.005994710549515133,0.0,0.0,0.006582427270055833,0.0003526300323244196,0.0,0.0,0.00011754334410813987,0.0002938583602703497,0.0,0.001057890096973259,0.004114017043784896,0.0,0.0,0.0,5.877167205406994e-05,0.0,0.0,0.0,0.0004701733764325595,0.0,0.0,0.0001763150161622098,5.877167205406994e-05,0.0,0.0,0.0,0.0,0.0,0.0,0.0,0.0,5.877167205406994e-05,0.0,5.877167205406994e-05,0.0,5.877167205406994e-05,0.00887452248016456,0.0,0.0,0.013282397884219806,0.002585953570379077,0.0,0.0011754334410813989,0.0,0.0,0.0,0.00023508668821627975,0.0,5.877167205406994e-05,5.877167205406994e-05,0.0,0.0,0.0001763150161622098,0.0,0.0,0.0,0.0002938583602703497,0.0,0.0,0.0,0.03097267117249486,0.0,0.0,0.015868351454598882,0.0,0.0001763150161622098,0.015692036438436672,0.0,0.0,0.0,0.0033499853070819863,0.008051719071407582,0.0,0.034087569791360565,0.0,0.0,0.0,0.0,0.0,0.0,0.0,0.0,0.0,0.0,0.0,0.0,0.0,0.0,0.0,0.0001763150161622098,0.0,0.0,0.0,0.0989127240669997,0.0,0.0,0.0,0.0005877167205406994,0.00023508668821627975,0.0,0.0,0.0031736702909197765,0.0,0.0,5.877167205406994e-05,0.0,0.0,0.0,0.0,0.0,0.0,0.002115780193946518,0.010049955921245959,0.0,0.00011754334410813987,0.0,0.0003526300323244196,0.007170143990596532,0.0003526300323244196,0.0,0.0,0.0,0.0,0.0,0.0003526300323244196,0.0,0.0,0.0,0.12365559800176315,0.0,0.0,0.0,0.0,0.0,0.001939465177784308,0.00041140170437848955,0.0,0.008404349103732,0.00011754334410813987,0.006758742286218043,0.0,0.0,0.0,0.0,0.001880693505730238,0.0,0.0,0.0
"X206753",0.0,0.0010428736964078794,0.0,3.862495171881035e-05,3.862495171881035e-05,0.0034376207029741214,0.0,3.862495171881035e-05,0.008033989957512554,0.0,3.862495171881035e-05,0.0,0.0,0.004557744302819622,0.0,0.24016994978756276,0.0,3.862495171881035e-05,0.008613364233294708,0.0013518733101583623,0.0,3.862495171881035e-05,0.0,0.0,0.0006952491309385864,3.862495171881035e-05,0.0012359984550019312,0.003398995751255311,0.012398609501738123,0.0,0.0,3.862495171881035e-05,0.0,0.0,0.00011587485515643106,0.2874468906913866,0.0,0.0,0.0004634994206257242,0.007145616067979915,0.001197373503283121,0.0,0.018308227114716108,0.0016994978756276556,0.0682502896871379,0.0003862495171881035,0.0002317497103128621,0.0016222479721900347,0.03615295480880649,0.013286983391270761,0.0,0.0,0.0,7.72499034376207e-05,0.0,0.0,0.0,0.0,0.006836616454229432,0.0,0.0,0.03174971031286211,0.0,0.0,0.00027037466203167247,3.862495171881035e-05,0.00011587485515643106,0.0,0.0,0.0024719969100038624,0.0,0.0,0.0,7.72499034376207e-05,0.0,0.0,0.0,0.0011201235998455,0.0,0.0,0.0,0.0,0.0013518733101583623,0.0,0.0,3.862495171881035e-05,0.0,0.0,0.0,7.72499034376207e-05,7.72499034376207e-05,7.72499034376207e-05,0.0,0.0,0.0001544998068752414,0.0005021243723445346,0.0,0.0,0.03333333333333333,0.0036693704132869836,0.0,0.004016994978756277,0.0,0.0,0.0,0.0,0.0,0.0,0.0,0.0,3.862495171881035e-05,0.0009656237929702588,0.0,0.0,3.862495171881035e-05,7.72499034376207e-05,0.0,3.862495171881035e-05,0.0,0.017342603321745847,3.862495171881035e-05,0.0,0.01432985708767864,0.0,0.00011587485515643106,0.0043259945925067595,0.0,0.0,0.0,0.0,0.001429123213595983,0.0,0.0012359984550019312,7.72499034376207e-05,0.0,0.0,0.0,0.0,7.72499034376207e-05,0.0,0.0,3.862495171881035e-05,0.0,0.0,0.0,0.0,0.0,0.0,0.0001544998068752414,0.0,0.0,0.0,0.03970645036693704,0.0,0.0,0.0,0.0003476245654692932,0.0,0.0,0.0,0.003630745461568173,0.0,0.0,0.0,0.0,0.0004248744689069139,7.72499034376207e-05,3.862495171881035e-05,0.0,0.0,0.014600231749710313,0.003514870606411742,0.0,7.72499034376207e-05,0.0,0.00019312475859405175,0.009154113557358054,0.004789494013132484,0.0,0.0,0.0,0.0,0.0,0.0001544998068752414,0.0,0.0,0.0,0.06376979528775589,0.0,0.0,0.0,0.0,0.0,0.0016608729239088451,0.00019312475859405175,0.0,0.0009269988412514484,0.0,0.003167246040942449,0.0,0.0,0.0,3.862495171881035e-05,0.005600617999227501,0.0,0.0,0.0
"X206752",0.0,0.0007497857754927164,0.0,3.570408454727221e-05,0.0,0.0021065409882890605,0.0,0.0,0.011496715224221651,0.0,7.140816909454442e-05,0.0,0.0,0.003606112539274493,0.0,0.2101899457297915,0.0,0.0,0.006283918880319908,0.0021065409882890605,0.0,3.570408454727221e-05,0.0,0.0,0.001178234790059983,3.570408454727221e-05,0.0009283061982290774,0.005891173950299915,0.007962010854041702,0.0,0.0,3.570408454727221e-05,0.0,0.0,0.00014281633818908883,0.3306555269922879,0.0,0.0,0.0007140816909454442,0.014460154241645245,0.001035418451870894,0.0,0.00485575549842902,0.0004641530991145387,0.08526135389888603,0.0009640102827763496,0.00021422450728363326,0.001178234790059983,0.02634961439588689,0.008783204798628963,0.0,0.0,3.570408454727221e-05,0.0,0.00017852042273636104,0.0,0.0,0.0,0.004748643244787204,0.0,0.0,0.024171665238503285,0.0,0.0,7.140816909454442e-05,7.140816909454442e-05,0.00014281633818908883,3.570408454727221e-05,0.0,0.004784347329334476,0.0,0.0,0.0,0.0,0.0,0.0,0.0,0.0004641530991145387,0.0,0.0,0.0,0.0,0.001178234790059983,0.0,0.00010711225364181663,0.0,0.0,0.0,0.0,0.0,0.00010711225364181663,7.140816909454442e-05,0.0,0.0,3.570408454727221e-05,0.0006069694373036275,0.0,0.0,0.03406169665809768,0.004320194230219937,0.0,0.00403456155384176,0.0,0.0,0.0,0.0,0.0,0.0,0.0,0.0,0.0,0.0005712653527563553,0.0,0.0,0.0,3.570408454727221e-05,0.0,0.0,0.0,0.013281919451585262,0.0,3.570408454727221e-05,0.01924450157097972,0.0,3.570408454727221e-05,0.001713796058269066,0.0,0.0,0.0,0.0,0.00242787774921451,0.0,0.0014638674664381604,0.0,0.0,0.0,0.0,0.0,0.0,0.0,0.0,0.0,0.0,0.0,0.0,0.0,0.0,0.0,0.00021422450728363326,0.0,3.570408454727221e-05,0.0,0.048878891745215654,0.0,0.0,0.0,0.0003927449300199943,0.0,0.0,0.0,0.004427306483861753,0.0,3.570408454727221e-05,0.0,0.0,0.0003570408454727221,0.0,0.0,0.0,0.0,0.04691516709511568,0.0030348471865181375,0.0,0.00014281633818908883,0.0,0.00014281633818908883,0.0057483576121108255,0.0023207654955726934,0.0,0.0,0.0,0.0,0.0,0.00021422450728363326,0.0,0.0,0.0,0.03452584975721223,0.0,0.0,0.0,0.0,3.570408454727221e-05,0.0005355612682090831,0.00021422450728363326,0.0,0.0002499285918309055,0.0,0.002356469580119966,0.0,0.0,0.0,0.0,0.0033561839474435876,3.570408454727221e-05,0.0,0.0
"X206711",0.0,4.330691611450349e-05,0.04521242042354164,4.330691611450349e-05,0.0,0.0006929106578320558,0.0,4.330691611450349e-05,0.0011259798189770906,0.0,4.330691611450349e-05,0.0,0.0,0.0,0.0,0.20709367285955568,0.0,0.00017322766445801395,8.661383222900697e-05,0.0005629899094885453,0.0,0.0031614048763587547,0.0,0.00012992074834351045,0.0,0.0,0.0002598414966870209,0.0,0.016846390368541856,0.0003031484128015244,0.0,0.0,0.0,0.0,0.0025551080507557056,0.29366419817244815,0.0,0.0,0.0,0.0008228314061755663,0.0013858213156641116,0.0,0.012039322679831968,0.00012992074834351045,0.002295266554068685,0.0,0.0002598414966870209,0.0027283357152137195,0.0016456628123511325,0.003940929366419817,0.00021653458057251744,0.0,0.00012992074834351045,8.661383222900697e-05,0.00017322766445801395,0.0,0.0,0.0,0.0005196829933740418,8.661383222900697e-05,0.0,0.0,0.0003897622450305314,0.0,0.0,4.330691611450349e-05,0.0,0.0,0.0003464553289160279,0.0,0.0,0.0,0.0,0.0,0.0,0.0,0.0,0.00017322766445801395,0.0,0.0,0.0,0.0,0.0,0.0,0.0,0.0,0.0,0.0,0.0,0.0,0.007188948075007579,0.00017322766445801395,0.0,0.0,0.0,4.330691611450349e-05,0.0,0.0,0.0,0.0074487895716946,0.0,4.330691611450349e-05,0.0,0.0,0.0,0.0,0.0,0.0,0.0,0.0,0.0,0.0004330691611450349,0.0,0.0,0.0,0.00017322766445801395,0.0,0.0,0.00012992074834351045,0.0010826729028625872,0.0,0.0,0.04638170715863323,0.0,0.00017322766445801395,0.15373955220648738,0.0,0.0,0.0,0.0,0.0010826729028625872,0.0,0.0005196829933740418,0.0,0.0,0.0,0.0,0.0,0.0,0.0,0.0,0.0,0.0,0.0,0.0,0.0,0.0,0.0,4.330691611450349e-05,0.0,8.661383222900697e-05,0.0,0.0,0.0,0.0,0.0,0.0,0.0,0.0,0.0,0.011692867350915941,0.0,0.0,0.0,0.0,0.0,0.0,0.0,0.0,0.0,4.330691611450349e-05,0.0025551080507557056,0.0,8.661383222900697e-05,0.0,0.0022519596379541812,0.002122038889610671,4.330691611450349e-05,0.0,0.0,0.0,0.0,0.0,8.661383222900697e-05,0.0,0.0,0.0,0.05928716816075527,0.00012992074834351045,0.0,0.0,0.0,0.0,0.0003464553289160279,0.0003031484128015244,0.0,0.00012992074834351045,0.0,0.08107054696635052,0.0,0.0,0.0,0.0,0.0007362175739465593,0.0,0.020917240483305184,0.0
"X206710",0.0,0.0,0.05520749917565594,0.0,0.0,0.0016957934900372132,0.0,0.0,0.0015073719911441895,0.0,0.0002355268736162796,0.0,4.710537472325592e-05,0.0,0.0,0.27179801215318666,0.0,0.0,0.0,0.0014602666164209336,0.0,0.0008478967450186066,0.0,0.0004239483725093033,0.0,0.0,0.00037684299778604737,0.0,0.011964765179707005,0.0022139526119930282,0.0,0.0,0.0,0.0,0.003674219228413962,0.3275707758255217,0.0,0.0,4.710537472325592e-05,0.005040275095388384,0.0015544773658674456,0.0,0.008149229827123275,0.0005181591219558152,0.0035329031042441944,0.0,0.0005181591219558152,0.006265014838193038,0.0034386923547976823,0.004098167600923265,9.421074944651184e-05,0.0,4.710537472325592e-05,0.0,4.710537472325592e-05,0.0,0.0,0.0,0.0007536859955720947,0.0,0.0,0.0,0.00028263224833953557,0.0,0.0,0.0,0.0,0.0,0.00032973762306279144,0.0,0.0,0.0,0.0,0.0,0.0,0.0,0.0,0.00014131612416976778,0.0,0.0,9.421074944651184e-05,0.0,0.0,0.0,0.0,0.0,0.0,0.0,0.0,0.0,0.009185548071034905,4.710537472325592e-05,0.0,0.0,0.00014131612416976778,0.0,0.0,0.0,0.0,0.008714494323802346,0.0,0.0,0.0,0.0,0.0,0.0,0.0,0.0,0.0,0.0,0.0,0.00018842149889302368,0.0,0.0,0.0,0.0008950021197418626,0.0,0.0,9.421074944651184e-05,0.0015073719911441895,0.0,0.0,0.049036695086909415,0.0,9.421074944651184e-05,0.09444627632012813,0.0,0.0,0.0,0.0,0.0010363182439116303,0.0,0.0010834236186348862,0.0,0.0,0.0,0.0,0.0,0.0,0.0,0.0,0.0,0.0,0.0,0.0,0.0,0.0,0.0,0.0005181591219558152,0.0,0.0,0.0,0.0,0.0,0.0,0.0,0.0,0.0,0.0,0.0,0.007442649206274436,0.0,0.0,0.0,0.0,0.0,0.0,0.0,0.0,0.0,0.0,0.006265014838193038,4.710537472325592e-05,0.0016486881153139573,0.0,0.0023081633614395404,0.007112911583211644,0.0004239483725093033,0.0,0.0,0.0,0.0,0.0,0.0,0.0,0.0,0.0,0.04343115549484196,9.421074944651184e-05,0.0,0.0,0.0,0.0,0.0008478967450186066,0.00014131612416976778,0.0,0.00014131612416976778,0.0,0.03349192142823496,0.0,0.0,0.0,0.0,0.0007065806208488389,0.0,0.014932403787272128,0.0
"X206719",4.2718612499466016e-05,0.0,8.543722499893203e-05,0.00029903028749626214,0.0,0.0011534025374855825,0.0,0.0,0.007689350249903883,0.0,0.0,0.0,0.0,0.0,0.0,0.22461446452219233,0.0,0.0,0.0,0.004271861249946602,0.0,0.0010252466999871844,0.0,0.0011961211499850485,0.0,0.00012815583749839805,0.00038446751249519417,0.0,0.003118458712461019,0.0,0.0,0.0,0.0,0.0,4.2718612499466016e-05,0.49459609551881756,0.0,0.0,0.0003417488999957281,0.0,0.002477679524969029,0.0,0.007475757187406553,4.2718612499466016e-05,8.543722499893203e-05,0.0,0.0,0.0011106839249861165,0.0018796189499765048,0.0029903028749626213,0.0,0.0,0.0,0.0,8.543722499893203e-05,0.0,0.0,0.0,0.021701055149728737,0.0,0.0,0.005382545174932718,0.00029903028749626214,0.0,4.2718612499466016e-05,0.0,4.2718612499466016e-05,4.2718612499466016e-05,0.0013669955999829125,0.032850613012089365,0.0,0.0,0.0,0.0,0.0,0.0,0.0,0.0,0.0,0.0,0.0,0.0,0.0,0.0,0.0,0.0,0.0,0.0,0.0,0.0,4.2718612499466016e-05,0.0,0.0,0.0,0.0,0.004485454312443932,0.0,0.0,0.0,0.002648553974966893,0.0,0.0,0.0,0.0,0.0,0.0,0.0,0.0,0.0,0.0,0.0,0.0006834977999914563,0.0,0.0,0.0,0.0,0.0,0.0,0.0,0.005211670724934854,0.0,0.0,0.00012815583749839805,0.0,8.543722499893203e-05,0.030073903199624077,0.0,4.2718612499466016e-05,0.0,0.0013669955999829125,0.0009398094749882524,8.543722499893203e-05,0.00021359306249733008,0.0,0.0,0.0,0.0,8.543722499893203e-05,0.0,0.0,0.0,0.0,0.0,0.0,0.0,0.0,0.0,0.0,0.0004699047374941262,0.0,0.0,0.0,0.0,0.0,0.0,0.0,0.0,0.0,0.0,0.0,0.023666111324704173,0.0,0.0,0.0,0.0,0.0,0.0,0.0,0.0,0.0,0.0,0.0006834977999914563,0.00038446751249519417,0.0,0.0,0.00021359306249733008,0.008031099149899612,0.0,0.0,0.0,0.0,0.0,0.0,4.2718612499466016e-05,0.0,4.2718612499466016e-05,0.0,0.05297107949933786,0.0,0.0,0.0,0.0,4.2718612499466016e-05,8.543722499893203e-05,0.00017087444999786406,0.0,0.00038446751249519417,0.0,0.030031184587124612,0.0,0.0,0.0,0.0,0.008714596949891068,0.0,0.011106839249861165,0.0
"X206718",0.0,6.192717364379489e-05,6.192717364379489e-05,0.00012385434728758978,0.0,0.0010527619519445132,0.0,0.0,0.007493188010899182,0.0,0.0,0.0,0.0,6.192717364379489e-05,0.0,0.21086202625712164,0.0,0.0,6.192717364379489e-05,0.0025390141193955907,0.0,0.00030963586821897447,0.0,0.0009289076046569235,0.0,0.0,0.00012385434728758978,0.0,0.0008669804310131286,0.0,0.0,0.0,0.0,0.0,0.0,0.5185162249194947,0.0,0.0,0.00012385434728758978,0.0003715630418627694,0.0017339608620262571,0.0,0.007617042358186772,0.00030963586821897447,0.0003715630418627694,0.0,0.0,0.0003715630418627694,0.0008050532573693337,0.0021674510775328212,0.0,0.0,6.192717364379489e-05,0.0,0.0,0.0,0.0,0.0,0.024213524894723806,0.0,0.0,0.00619271736437949,0.0001857815209313847,0.0,0.0,0.0,6.192717364379489e-05,0.0,0.000557344562794154,0.045206836759970274,0.0,0.0,0.0,0.0,0.0,0.0,0.0,0.0,0.0,0.0,0.0,0.0,0.0,0.0,0.0,0.0,0.0,0.0,0.0,0.0,0.0,0.0,0.0,0.0,0.0,0.003653703244983899,0.0,0.0,0.0,0.004892246717859797,0.0,0.0,0.0,0.0,0.0,0.0,6.192717364379489e-05,0.0,0.0,0.0,0.0,0.000557344562794154,0.0,0.0,0.0,0.0,0.0,0.0,0.0,0.004025266286846668,0.0,0.0,0.00012385434728758978,0.0,0.00012385434728758978,0.033564528114936834,0.0,0.0,0.0,0.001176616299232103,0.001795888035670052,0.0,0.00030963586821897447,0.0,0.0,0.0,0.0,0.0,0.0,0.0,0.0,0.0,0.0,0.0,0.0,0.0,0.0,0.0,0.0001857815209313847,0.0,0.0,0.0,0.0,0.0,0.0,0.0,0.0,0.0,0.0,0.0,0.016162992321030467,0.0,0.0,0.0,0.0,0.0,0.0,0.0,0.0,0.0,6.192717364379489e-05,0.00024770869457517957,6.192717364379489e-05,6.192717364379489e-05,0.0,6.192717364379489e-05,0.002972504334902155,0.0,0.0,0.0,0.0,0.0,0.0,0.00012385434728758978,0.0,0.0,0.0,0.05505325736933366,0.0,0.0,0.0,0.0,0.0,0.0,6.192717364379489e-05,0.0,0.0001857815209313847,0.0,0.03059202378003468,0.0,0.0,0.0,0.0,0.006626207579886054,0.0,0.0038394847659152837,0.0
"X206726",0.0,0.0,0.00041816509157815507,0.000250899054946893,0.0,0.0010454127289453877,0.0,0.0,0.007986953249142762,0.0,0.0,0.0,0.0,0.0,0.0,0.2631931086392908,0.0,0.0,0.0,0.0016308438571548047,0.0,0.0,0.0,0.0023417245128376685,0.0,4.1816509157815506e-05,0.000250899054946893,0.0006272476373672326,0.015304842351760476,0.0,0.0,0.0,0.0,0.0,0.0,0.4183741741239441,0.0,0.0,0.0012963117838922806,0.00020908254578907754,0.0013799448022079118,0.0,0.01777201639207159,0.0,0.005310696663042569,0.0,0.008990549468930334,0.0005436146190516015,0.009659613615455382,4.1816509157815506e-05,0.0,0.0,4.1816509157815506e-05,0.0,0.0,0.0,4.1816509157815506e-05,0.001087229238103203,0.0057288617546207244,0.0,0.0,0.00016726603663126202,4.1816509157815506e-05,0.0,0.0,0.00020908254578907754,0.0,0.0,0.0,0.003972568369992473,0.00016726603663126202,0.0,0.0,0.0,0.0,0.0,0.0006690641465250481,4.1816509157815506e-05,0.0,0.0,0.0,0.0,0.0,0.0,0.0,0.0,0.0,0.0,4.1816509157815506e-05,0.0,0.0012963117838922806,0.0,0.0,0.0,0.000250899054946893,0.0,0.0,0.0,0.0,0.006481558919461403,0.0,0.0,0.0,0.0,0.0,0.0001254495274734465,0.0,0.0,0.0,0.0,0.0,0.0012544952747344652,0.0,0.0,0.0,0.0007526971648406791,0.0,0.0,0.0,0.0337041063811993,0.0,0.0,0.01162498954587271,0.0,0.00016726603663126202,0.024253575311532993,0.0,0.0005854311282094171,0.0,0.006272476373672326,0.002007192439575144,0.0,0.00020908254578907754,0.0,0.0,0.0,0.0,0.0,0.0,0.0,0.0,0.0,0.0,0.0,0.0,0.0,0.0,0.0,0.00041816509157815507,0.0,4.1816509157815506e-05,0.0,0.0,0.0,0.0,0.0,0.0,0.0001254495274734465,0.0,0.0,0.0053943296813582006,0.0,0.0,4.1816509157815506e-05,0.0,0.0,0.0,4.1816509157815506e-05,0.0,0.0,0.0,0.0007108806556828636,0.00016726603663126202,0.0,0.0,0.0009199632014719411,0.0,0.0,0.0,0.0,0.0,0.0,0.0,0.000501798109893786,0.0,0.0,0.0,0.1116500794513674,0.0,0.0,0.0,0.0,0.0,8.363301831563101e-05,4.1816509157815506e-05,0.0,0.004934348080622229,0.0,0.011792255582503972,0.0,4.1816509157815506e-05,0.0,0.0,0.0007108806556828636,0.0,0.004516182989044075,0.0
"X206725",0.0,0.0,0.00045122960066180343,0.00011280740016545086,0.0,0.00045122960066180343,0.0,0.0,0.009175001880123336,0.0,0.0,0.0,0.0,0.0,0.0,0.3442505828382342,0.0,0.0,0.0,0.0025193652703617356,0.0,0.0,0.0,0.0006392419342708882,0.0,3.760246672181695e-05,0.00033842220049635255,0.0006768444009927051,0.018688425960743025,0.0,0.0,0.0,0.0,0.0,0.0,0.29589381063397757,0.0,0.0,0.0007896518011581559,0.00022561480033090172,0.0033466195382417085,0.0,0.027336993306760923,0.0,0.0041362713393998645,0.0,0.020568549296833872,0.00018801233360908476,0.011280740016545086,7.52049334436339e-05,0.0,0.0,0.0,0.0,0.0,0.0,0.0003760246672181695,0.0007896518011581559,0.006204407009099797,7.52049334436339e-05,0.0,0.0004888320673836204,3.760246672181695e-05,0.0,0.0,0.0008272542678799729,0.0,0.0001504098668872678,0.0,0.0025945702038053698,7.52049334436339e-05,0.0,0.0,0.0,0.0,0.0,0.00018801233360908476,0.0,0.0,0.0,0.0,0.0,0.0,0.0,0.0,0.0,0.0,0.0,0.0,0.0,0.0012032789350981425,0.0,0.0,0.0,3.760246672181695e-05,0.0,0.0,0.0,0.0,0.0025945702038053698,0.0,0.0,0.0,0.0,0.0,0.00011280740016545086,0.0,0.0,0.0,0.0,0.0,0.0014288937354290441,0.0,0.0,0.0,0.0028577874708580883,0.0,0.0,3.760246672181695e-05,0.05377152741219824,0.0,0.0,0.004775513273670753,0.0,3.760246672181695e-05,0.033090170715198916,0.0,0.0009024592013236069,0.0,0.005941189742047079,0.002406557870196285,0.0,0.00011280740016545086,0.0,0.0,0.0,0.0,0.0,0.0,0.0,0.0,0.0,0.0,0.0,0.0,0.0,0.0,0.0,0.00018801233360908476,0.0,3.760246672181695e-05,0.0,0.0,0.0,0.0,0.0,0.0,0.0001504098668872678,0.0,0.0,0.006242009475821614,0.0,0.0,0.0,0.0,0.0,0.0,3.760246672181695e-05,0.0,0.0,0.0,0.0006768444009927051,3.760246672181695e-05,3.760246672181695e-05,3.760246672181695e-05,0.0025945702038053698,0.0,0.0,0.0,0.0,0.0,0.0,0.0,0.0008272542678799729,0.0,0.0,0.0,0.1064901857561856,0.0,0.0,0.0,0.0,0.0,0.00011280740016545086,3.760246672181695e-05,0.0,0.00925020681356697,0.0,0.007558095811085208,0.0,0.0,0.0,0.0,0.0008648567346017899,0.0,0.0025193652703617356,0.0
"X206729",6.578081831337982e-05,0.0,0.024338902775950532,0.0,0.0,0.0,0.0,0.0006578081831337982,0.0,0.0,0.0004604657281936587,0.0,0.0,0.0,0.0,0.0004604657281936587,0.0,0.0,6.578081831337982e-05,0.044336271543217995,0.0,0.0,0.0,0.0,0.0,0.0,0.0,0.0,0.0,0.008354163925799237,0.002565451914221813,0.0,0.0003946849098802789,0.0,0.0,0.037231943165372976,6.578081831337982e-05,0.0,0.0,0.08525194053414024,0.008156821470859098,0.0,0.0,0.0,0.0,0.0,0.008683068017366137,0.0,0.0,0.0,0.0,0.0,0.0041441915537429284,0.0,0.0,0.0009867122747006974,0.0,0.0032890409156689907,0.0,0.0,0.0,0.0,0.0,0.001776082094461255,0.0,6.578081831337982e-05,0.0,0.0,0.0,0.0,0.003223260097355611,0.0,0.0,0.0002631232732535193,0.0004604657281936587,0.0,0.0,0.0,0.0,0.0,0.004736218918563347,0.0,0.0,0.0,0.0,0.0,0.0010524930930140772,0.0,0.0,0.0,0.010524930930140772,0.0018418629127746348,0.0,0.0,0.002631232732535193,0.0,0.0024338902775950535,0.0002631232732535193,0.010524930930140772,0.0,0.0,0.0,0.0,0.0,0.0,0.0018418629127746348,0.0,0.0,0.0,0.0,0.0,0.0,0.0,0.0,0.0,0.0015129588212077357,0.0,0.0015129588212077357,0.0006578081831337982,0.0,0.0,0.00013156163662675965,0.0,0.0,6.578081831337982e-05,0.0,0.0,0.0005920273648204184,0.0,0.0,0.0,0.0,0.0005920273648204184,0.0,0.0,0.0,0.0,0.0,0.0,0.0,0.0,0.0,0.0003289040915668991,0.0,0.0,0.0,0.0,0.0,0.0,0.0,0.0,0.003881068280489409,0.0,0.0,0.00019734245494013944,0.0,0.0,0.0,0.0,0.00013156163662675965,6.578081831337982e-05,0.0,0.0008551506380739376,0.0,0.0,0.0,0.0,0.0,0.0,0.0,0.0,0.0,0.0,0.017234574398105513,0.0,0.0,0.0,0.0,0.0,0.0,0.0,0.0,0.0,0.32390474937508223,0.0,0.0,0.0,0.003946849098802789,0.0,0.0,0.0,0.0,6.578081831337982e-05,0.0,0.0,0.0,0.30923562689119855,0.0,0.06393895540060518,0.0,0.0,0.0,0.0,0.0,0.0,0.0,0.0
"X206739",3.777005589968273e-05,0.0002266203353980964,0.0,0.0003777005589968273,0.0,0.0021906632421815984,0.0,0.0,0.017185375434355644,0.0,0.00015108022359873092,0.0,0.0,0.0,0.0,0.2596313642544191,0.0,0.0,0.0,0.0004532406707961928,0.0,0.000566550838495241,0.0,3.777005589968273e-05,0.0001133101676990482,0.0001133101676990482,0.0070630004532406705,0.00030216044719746184,0.02243541320441154,0.0,3.777005589968273e-05,0.0,0.0,0.0,0.00041547061489651004,0.210832452032029,0.0,0.0,0.0010197915092914338,0.0009442513974920682,0.008649342801027346,0.0,0.02462607644659314,0.0034748451427708115,0.005098957546457169,0.0,0.0002643903912977791,0.004494636652062245,0.03875207735307448,0.006043208943949237,0.00033993050309714457,3.777005589968273e-05,0.0001133101676990482,0.0,3.777005589968273e-05,0.0,0.0,0.0,0.02103792113612328,0.0,0.0,0.005514428161353679,0.0,0.0,7.554011179936546e-05,3.777005589968273e-05,0.00015108022359873092,0.0,0.0009064813415923856,0.003777005589968273,0.0,0.0,0.0,0.0,0.0,0.0,0.0,0.0027194440247771566,0.0,0.0,0.0,0.0,0.0,0.0,0.0,0.0,0.0,0.001548572291886992,0.0,0.0,0.0,0.0,0.0,0.0,0.00030216044719746184,0.01367276023568515,0.0,0.0,0.0010575615651911164,0.003134914639673667,0.0,0.0004532406707961928,0.0,0.0,0.0,0.0,0.0,0.0,0.0,0.0,0.0,0.01216195799969784,0.0,0.0,0.0,0.0,3.777005589968273e-05,0.0,0.0,0.011519867049403233,0.0,0.0,0.004079166037165735,0.0,3.777005589968273e-05,0.058052575917812356,0.006760840006043209,7.554011179936546e-05,0.0,0.010009064813415925,0.001548572291886992,0.0,0.0009442513974920682,0.0,0.0,0.0,0.0,0.0001133101676990482,0.0,0.0,0.0,0.0,0.0,3.777005589968273e-05,0.0,0.0,0.0,3.777005589968273e-05,3.777005589968273e-05,0.0,3.777005589968273e-05,0.0,0.04774135065719897,0.0,0.0,0.0,0.0,0.0,0.0,0.0,0.009064813415923856,0.0,0.0,0.0,0.0,0.0,0.0,0.0,3.777005589968273e-05,0.0,7.554011179936546e-05,0.0003777005589968273,3.777005589968273e-05,3.777005589968273e-05,0.0006798610061942891,0.015561263030669285,0.003210454751473032,0.0004532406707961928,0.0,0.0,0.0,0.0,0.0,0.0026439039129777914,0.0,0.0,3.777005589968273e-05,0.10526514579241578,0.0,3.777005589968273e-05,0.0,0.0,0.0,0.001133101676990482,0.0001133101676990482,0.0,0.0007176310620939719,0.0,0.012237498111497205,0.0,0.0,7.554011179936546e-05,0.0,0.007138540565040036,0.0,0.017374225713854056,0.0
"X206738",0.0,0.0002263083451202263,0.00039603960396039607,0.0012446958981612447,0.0,0.003620933521923621,0.0,0.0,0.017934936350777936,0.0,0.0013578500707213579,0.0,0.0,0.0,0.0,0.2875813295615276,0.0,0.0,0.0,0.0008486562942008486,0.0002263083451202263,0.0,0.0,0.0,0.0,0.0,0.0028854314002828853,0.0004526166902404526,0.020424328147100424,0.0020933521923620934,0.0,0.0,0.00016973125884016973,0.0,0.0009052333804809052,0.18268741159830268,0.00016973125884016973,0.0,0.0,0.009052333804809052,0.012786421499292787,0.0,0.013521923620933522,0.00039603960396039607,0.007977369165487977,0.0,0.0013578500707213579,0.002772277227722772,0.02115983026874116,0.006676096181046676,0.0,0.00011315417256011315,0.0,0.0,0.0002828854314002829,0.0,0.0,0.0,0.018613861386138613,0.00033946251768033947,0.0,0.0075247524752475245,0.0,0.0,0.0,0.00016973125884016973,5.6577086280056576e-05,0.0,0.0033946251768033945,0.004243281471004243,0.0,0.0,0.0,0.0,0.0,0.0,0.0,0.0006223479490806223,0.0,0.0005657708628005657,0.0,0.0,0.0,0.0,0.0,0.0,0.0,0.00446958981612447,5.6577086280056576e-05,0.0,0.0,0.0,0.0,0.0,0.00033946251768033947,0.020594059405940595,0.0,0.0,0.001074964639321075,0.005657708628005658,0.0,0.0004526166902404526,0.0,0.0,0.0,0.0,0.0,0.0002828854314002829,0.0,0.0,0.0,0.009165487977369165,0.0,5.6577086280056576e-05,0.0,0.0,0.0002263083451202263,0.0,0.0,0.008826025459688826,0.0007920792079207921,0.0,0.007355021216407355,0.0,0.0034512022630834513,0.04011315417256011,0.015558698727015558,0.0,0.0,0.00628005657708628,0.0022065063649222066,0.0,0.001867043847241867,0.0,0.0,0.0,0.0,0.0015841584158415843,0.0,0.0,0.0,0.0,0.0,5.6577086280056576e-05,0.00033946251768033947,0.0,0.0,0.0,0.0006789250353606789,0.0,0.00011315417256011315,0.0,0.0736067892503536,0.0,0.0,0.00011315417256011315,0.0,0.0,0.0,0.0,0.010127298444130127,0.0,0.0,0.0,0.0,0.0,0.0,0.0,5.6577086280056576e-05,0.0,0.00011315417256011315,0.00039603960396039607,5.6577086280056576e-05,0.004186704384724187,0.0,0.0027157001414427158,0.0063932107496463934,0.0,0.0,0.0,0.0,0.0,0.0,0.0035077793493635077,0.0,0.0,0.0,0.0971994342291372,0.0,0.0,0.00033946251768033947,0.0,0.0,0.00011315417256011315,0.00011315417256011315,0.0,0.0019801980198019802,0.0,0.02297029702970297,0.0,0.0,0.0,0.0,0.0042998585572843,0.0,0.0052616690240452615,0.0
"X206741",4.338771259979174e-05,0.0014751822283929192,8.677542519958348e-05,8.677542519958348e-05,0.0,0.020739326622700453,0.0,0.0,0.01297292606733773,0.0,0.00013016313779937522,8.677542519958348e-05,0.0,0.0,0.0,0.11584519264144394,0.00013016313779937522,0.0,0.017051371051718153,0.00017355085039916696,0.0,0.0,0.0,0.0,8.677542519958348e-05,0.0,0.0002169385629989587,0.006030892051371052,0.038832002776813604,8.677542519958348e-05,0.0,0.0,8.677542519958348e-05,0.0,8.677542519958348e-05,0.3809007289135717,0.0,0.0,0.000824366539396043,0.000824366539396043,0.0026032627559875042,0.003471017007983339,0.005466851787573759,0.0024297119055883376,0.033365150989239846,0.0,0.00013016313779937522,0.001345019090593544,0.027551197500867753,0.00498958694897605,0.0029069767441860465,0.0,0.0,0.00013016313779937522,0.0,0.0,0.0,0.0,0.004946199236376258,0.0,0.0,0.02989413398125651,0.0,0.0,4.338771259979174e-05,0.0,0.0004338771259979174,0.0,0.005163137799375217,0.017051371051718153,0.0,0.0,0.0,0.0,0.0,0.0,0.0,0.002342936480388754,0.0,0.0,0.0,0.0,0.0,0.0,0.0,0.0,0.0,0.0,0.0,0.0,0.00924158278375564,0.0,0.0,0.0,0.0,8.677542519958348e-05,0.0,0.0,4.338771259979174e-05,0.0015619576535925027,0.0,0.0005640402637972926,0.0,0.0,0.0,0.0,0.0,4.338771259979174e-05,0.0,0.0,0.0,0.040524123568205485,0.0,0.0,0.0,0.0,0.0,0.0,0.0,0.03753037139881985,0.0,0.0,0.010933703575147518,0.0,4.338771259979174e-05,0.0029069767441860465,0.0,0.0,0.0,0.005727178063172509,0.004642485248177716,0.0,0.0004338771259979174,0.0,0.0,0.0,0.0,0.0,0.0,0.0,0.0,0.0,0.0,0.0,0.0,0.0,0.0002169385629989587,0.0,0.0008677542519958348,0.0,0.0,0.0,0.007939951405761888,0.0,0.0,0.0,0.0,4.338771259979174e-05,0.0,0.0,0.01900381811870878,0.0,0.0,0.0,0.0,0.0,0.0,0.0,0.0,0.0,0.0,0.0010846928149947934,0.0,0.0,0.00013016313779937522,0.007289135716765012,0.010846928149947935,0.0012582436653939605,0.0,0.0,0.0,0.0,0.0,0.0006508156889968761,0.0,0.0,4.338771259979174e-05,0.07093891010065949,0.0,0.0,0.0,0.0,0.0,0.00798333911836168,0.0,0.0,0.0003471017007983339,0.0,0.014881985421728566,0.0,0.0,0.0,0.0,0.0007809788267962514,0.0,0.0003471017007983339,0.0
"X206740",0.00012193634922570419,0.0022558224606755274,0.0,0.00036580904767711256,0.0,0.012437507621021826,0.0,0.0,0.014754298256310206,0.0,0.0,0.0,0.0,0.0,0.0,0.15876112669186684,0.0,0.0,0.01749786611388855,0.00018290452383855628,0.0,0.0,0.0,0.0,0.0,0.0,0.0,0.00408486769906109,0.02743567857578344,0.00036580904767711256,0.0,0.0,0.0,0.0,0.00042677722228996463,0.4198268503840995,0.0,0.0,0.0012193634922570418,0.0007925862699670772,0.00042677722228996463,0.002133886111449823,0.005731008413608097,0.0017680770637727107,0.02767955127423485,0.0,0.0005487135715156688,0.0014632361907084503,0.023777588099012315,0.004328740397512499,0.00493842214364102,0.0,0.0,0.0,0.0,0.0,0.0,0.0,0.007560053651993659,0.0,0.0,0.013047189367150347,0.0,0.0,6.0968174612852094e-05,0.0,0.0,0.00018290452383855628,0.0015242043653213022,0.02737471040117059,0.0,0.0,0.0,0.0,0.0,0.0,0.0,0.004633581270576759,0.0,0.0,0.0,0.0,0.0,0.0,0.0,0.0,0.0,0.0,0.0,0.0,0.013169125716376053,0.0,0.0009145226191927813,0.0,0.0006096817461285209,0.00042677722228996463,0.0,0.0,0.0,0.0006096817461285209,0.00036580904767711256,0.000670649920741373,0.0,0.0,0.0,0.00012193634922570419,0.0,0.0,0.0,0.0,0.0,0.0349957322277771,0.0,0.0,0.0,0.0,0.0,0.0,0.0,0.024570174368979392,6.0968174612852094e-05,0.0,0.013961711986343129,0.0,0.0,0.005121326667479576,0.0,0.0,0.0,0.0024387269845140835,0.004999390318253871,0.0,6.0968174612852094e-05,0.0,0.0,0.0012193634922570418,0.0,0.0,0.0,0.0,0.0,0.00042677722228996463,0.0,0.0,0.0,0.0,0.00030484087306426044,0.0,0.0008535544445799293,0.0,0.0,0.0,0.011035239604926228,0.0,0.0,0.0,0.0,0.0,0.0,0.0,0.015607852700890136,0.0,0.0,0.0,0.0,0.0,0.0,6.0968174612852094e-05,0.0,0.0,0.0,0.0018290452383855627,0.00018290452383855628,0.0,0.00036580904767711256,0.003962931349835386,0.007377149128155103,0.0005487135715156688,0.0,0.0,0.0,0.0,0.0,0.00018290452383855628,0.0,0.0,0.0,0.05157907572247287,6.0968174612852094e-05,0.0,0.0,0.0,0.0,0.0024387269845140835,6.0968174612852094e-05,0.0,0.0012193634922570418,0.0,0.008901353493476405,0.0,0.0,0.0,0.0,0.00030484087306426044,0.0,0.000670649920741373,0.0
"X206742",0.0,0.0004942542938341777,0.0,0.00020593928909757404,0.0,0.00642530581984431,0.0,0.0,0.04040528852094403,0.0,0.0,0.0,0.0,0.0,0.0001235635734585444,0.10787099962930928,0.0,0.0,0.0,0.0007413814407512665,0.0,0.0,0.0,0.0004942542938341777,0.00020593928909757404,0.00028831500473660367,0.0,0.0,0.017504839573293792,8.237571563902961e-05,0.0,0.0,0.0,0.0,0.00020593928909757404,0.45129535812842375,0.0,4.118785781951481e-05,0.0007413814407512665,0.017051773137279132,0.0005766300094732073,0.0,0.00016475143127805923,0.003212652909922155,0.0517319494213106,0.0,0.0,0.0015239507393220479,0.042547057127558796,0.0004118785781951481,0.0013180114502244738,0.0,0.0,4.118785781951481e-05,0.0,0.0,0.0,0.0,0.0008237571563902962,0.0,0.0,0.0,8.237571563902961e-05,0.0,0.0013180114502244738,8.237571563902961e-05,0.00016475143127805923,0.0,0.0,0.0030890893364636106,0.0,4.118785781951481e-05,0.0,4.118785781951481e-05,0.0,0.0,0.0018534536018781664,4.118785781951481e-05,0.0,0.0,0.0,0.0,0.0,0.0,0.0,0.0,0.0,0.0,0.0,0.0,0.0002471271469170888,8.237571563902961e-05,0.0,0.0,0.00016475143127805923,0.011120721611268997,0.0,0.0,0.0214176860661477,0.0023888957535318587,0.0,0.002965525763005066,8.237571563902961e-05,0.0,0.0,0.0,0.0,0.0,0.0,0.0,0.0,0.00539560937435644,0.0,0.0,0.0,0.0,0.0,0.0,0.0,0.020799868198854977,0.0,0.0,0.016516330985625438,0.0,0.0,0.009967461592322584,0.0,0.0,0.0,0.0,0.0023065200378928293,0.0,0.0010296964454878702,0.0,0.0,0.0,0.0,4.118785781951481e-05,0.0,0.0,0.0,0.00037069072037563324,0.0,0.0,0.0,0.0,0.0,0.0,0.00020593928909757404,0.0,0.0,0.0,0.026360229004489477,0.0,0.0,0.0,0.0,0.0,0.0,0.0,0.007496190123151695,0.0,0.0,0.0,4.118785781951481e-05,0.0,0.0,0.0,0.0,0.0,0.03805758062523168,0.00317146505210264,4.118785781951481e-05,4.118785781951481e-05,0.00028831500473660367,0.001935829317517196,0.0,0.0019770171753367106,0.0,0.0,0.0,0.0018534536018781664,0.0,0.00045306643601466287,0.0,8.237571563902961e-05,0.0,0.049219490094320195,0.0,0.0,0.0,0.0,0.0,0.0007413814407512665,0.0001235635734585444,0.0,0.0007413814407512665,0.0,0.013839120227356975,0.0,4.118785781951481e-05,0.0,0.0,0.005148482227439351,0.0,0.0,0.0
"X206743",0.0003810814243976796,0.0002963966634204175,0.0026252275902951265,0.00025405428293178643,0.0,0.005292797561078884,0.00012702714146589321,0.00016936952195452428,0.02095947834187238,0.0,0.00021171190244315537,0.0,0.0,0.0,0.0,0.039336071473938264,0.0,0.0,0.0,0.0034720752000677478,0.0,0.0,0.0,0.00012702714146589321,0.0,0.0009315323707498836,0.0,0.0,0.01071262226362366,0.0002963966634204175,0.0009738747512385147,0.0,0.0,0.00012702714146589321,0.0010162171317271457,0.5529914891815217,0.0,0.0,0.0010585595122157767,0.012872083668543845,0.00025405428293178643,0.0,0.001143244273193039,0.0022018037854088157,0.04962526993267562,0.0,0.0008891899902612525,0.000592793326840835,0.04111445145446077,0.0005081085658635729,0.0015666680780793496,0.0,0.0003810814243976796,0.0,0.0,0.0,0.0,0.00016936952195452428,0.001143244273193039,0.0,8.468476097726214e-05,0.0,4.234238048863107e-05,0.0,0.0014819833171020875,0.0,0.0004657661853749418,0.0,0.0,0.0027945971122496508,0.0,0.0,0.0,8.468476097726214e-05,8.468476097726214e-05,0.0,0.0032603632976245926,0.00012702714146589321,0.0,0.0,0.0,0.0,0.0,0.0,0.0,0.0,0.00012702714146589321,8.468476097726214e-05,0.0,0.0,0.0,8.468476097726214e-05,0.0,0.0,0.0,0.008891899902612525,0.0,0.0,0.007833340390396747,0.0016513528390566118,0.0,0.0015243256975907185,0.0,0.0,8.468476097726214e-05,0.0,0.0,0.0,0.0,0.0,0.0,0.002582885209806495,0.0,0.0,0.0,0.0,0.0,0.0008468476097726215,0.0,0.010500910361180506,0.0,0.0,0.01028919845873735,0.00021171190244315537,0.0,0.004234238048863107,4.234238048863107e-05,0.0,8.468476097726214e-05,0.00012702714146589321,0.0008891899902612525,0.00033873904390904855,8.468476097726214e-05,0.0,0.0,0.0,0.00012702714146589321,0.0,0.0,0.0,0.0,0.0008468476097726215,0.0,0.0,0.0,0.0,0.0,0.0,0.0007198204683067282,0.0,4.234238048863107e-05,0.0008891899902612525,0.06512258119151458,0.000592793326840835,0.0,0.0,0.0,0.0,0.0,0.00012702714146589321,0.0027099123512723884,0.0003810814243976796,0.0,0.0,0.0005504509463522039,0.0,0.0,0.0,0.0,0.0005081085658635729,0.04327391285938095,0.0043189228098403695,0.00012702714146589321,0.0008468476097726215,0.0002963966634204175,0.0008468476097726215,0.0,0.0013972985561248254,0.0,8.468476097726214e-05,0.0,0.0008891899902612525,0.0,0.0003810814243976796,8.468476097726214e-05,0.0,0.0,0.05165770419612991,0.0,0.0,0.0,0.0,0.0,0.0,0.00025405428293178643,0.0,0.0013972985561248254,0.0,0.006647753736715078,0.00012702714146589321,0.0,0.0,0.0,0.0019054071219883981,0.0,8.468476097726214e-05,0.0
"X224324",0.0,4.304407713498623e-05,0.012181473829201102,0.0,0.0,0.0006887052341597796,0.0,8.608815426997245e-05,0.004950068870523416,0.0,0.00012913223140495868,0.0,0.0,0.0,0.0,0.1296918044077135,0.0,0.0,0.06973140495867769,0.00021522038567493114,0.0,0.0,0.0,0.0,0.0,0.0,0.0,4.304407713498623e-05,0.0009039256198347108,8.608815426997245e-05,4.304407713498623e-05,0.0,0.0,0.0,0.0,0.6085571625344353,0.00025826446280991736,0.0,0.0006026170798898072,0.005767906336088154,0.0,0.0,0.0019800275482093664,0.0,0.0001721763085399449,0.0,0.0001721763085399449,0.0006887052341597796,0.007618801652892562,0.0014634986225895317,8.608815426997245e-05,0.0,0.0001721763085399449,0.0,0.00012913223140495868,0.0,0.0,0.0,0.0009039256198347108,0.0,0.0,8.608815426997245e-05,0.0,0.0,0.0,0.0,0.0,0.0,0.0,0.0033143939393939395,0.0,0.0,0.0,0.0,0.000559573002754821,0.0,0.0,0.0,0.0,0.0,0.0,4.304407713498623e-05,0.0,0.0,0.0,0.0,0.0,0.006198347107438017,0.0,0.0,0.0,0.0,0.0,8.608815426997245e-05,0.0003013085399449036,0.0,0.0,0.0,8.608815426997245e-05,0.006327479338842975,0.0,0.0,0.0,0.0,0.0,4.304407713498623e-05,0.0,0.0,0.0,0.0,0.0,0.0005165289256198347,0.0,0.0,0.0,0.0,0.0,0.0,0.0,0.0012913223140495868,0.0,0.0,0.0,0.0,0.0,0.0025396005509641874,0.0,0.0003013085399449036,0.0,0.0006456611570247934,0.0001721763085399449,0.0,0.00043044077134986227,0.0,0.0,0.0,0.0,0.0,0.0,0.0,0.0,0.0,0.0,0.0,0.0,0.00012913223140495868,0.0,0.0,0.0,0.0,0.0,0.0,0.0007317493112947659,0.0,0.0,0.0,0.0,0.0,0.0001721763085399449,0.0,0.004519628099173553,0.0,0.0,0.0,0.0,0.00043044077134986227,0.0,0.0,0.0,0.0,0.0,0.0,0.00012913223140495868,4.304407713498623e-05,0.0,0.00038739669421487604,0.0018078512396694215,0.0,0.0,0.0,0.0,0.0,0.0,0.00021522038567493114,0.0,0.0,0.0,0.05449380165289256,0.0,0.0,0.0,4.304407713498623e-05,0.0,0.0001721763085399449,0.0,0.00021522038567493114,0.059573002754820935,0.0,0.006628787878787879,0.0,0.0,0.0,0.0,0.0,0.0,0.0,0.0
"X224323",0.00010112245929821013,5.056122964910506e-05,0.011022348063504904,0.0,0.0,0.00020224491859642025,0.0,0.0,0.010921225604206695,0.0,5.056122964910506e-05,0.0,0.0,0.0,0.0,0.19440792800080897,0.0,0.0,0.04540398422489635,0.0009101021336838912,0.0,5.056122964910506e-05,0.0,0.0,0.0,0.0,0.0,0.0,0.0008595409040347862,0.00020224491859642025,0.0,0.0,0.0,0.0,0.0,0.47841035493983214,0.0,0.0,0.0010617858226312064,0.0071796946101729195,5.056122964910506e-05,0.0,0.002426939023157043,0.0,5.056122964910506e-05,0.0,0.0004044898371928405,0.000758418444736576,0.01719081808069572,0.0034887248457882497,0.0,0.0,0.0001516836889473152,0.0,0.0,0.0,0.0,0.0,0.0011629082819294165,0.0,0.0,0.0,0.0,0.0,0.0,0.0,0.0007078572150874709,0.0,0.0,0.006067347557892608,0.0,0.0,0.0,5.056122964910506e-05,0.0006067347557892608,0.0,0.0,0.0,0.0,0.0,0.0,0.0,0.0,5.056122964910506e-05,0.0,0.0,0.0,0.016836889473151987,0.0,0.0,0.0,0.0,0.0,0.0,0.0004550510668419456,0.0,0.0,0.0,0.0004044898371928405,0.007230255839822024,0.0,0.0,0.0,0.0,0.0,0.0,0.0,0.0,0.0,0.0,0.0,0.00025280614824552534,0.0,0.0,0.0,0.0,0.0,0.0,0.0,0.006926888461927394,0.0,0.0,0.0,0.0,5.056122964910506e-05,0.00379209222368288,0.0,5.056122964910506e-05,0.0,0.0005561735261401557,0.000758418444736576,5.056122964910506e-05,0.0006572959854383659,0.0,0.0,0.0,0.0,0.0,0.0,0.0,0.00010112245929821013,0.0,0.0,0.0,0.0,0.0,0.0,0.0,0.0,0.0,0.0,5.056122964910506e-05,0.0004550510668419456,0.0,0.0,0.0,0.0,0.0,0.0,0.0,0.006370714935787238,0.0,0.0,0.0,0.0,0.0007078572150874709,0.0,0.0,0.0,0.0,5.056122964910506e-05,0.0,0.00025280614824552534,0.00010112245929821013,0.0,0.00010112245929821013,0.0017190818080695723,0.0,0.0,0.0,0.0,0.0,0.0,0.0004550510668419456,0.0,0.0,0.0,0.10152694913540297,0.0,0.0,0.0,0.0004550510668419456,0.0,0.0,0.0,0.00020224491859642025,0.05410051572454242,0.0,0.011325715441399535,0.0,0.0,0.0,0.0,0.0,0.0,0.0,0.0
"X219652",0.0,0.04639477022148502,0.0,0.0008781344521416723,0.0,0.0029759000878134454,0.0,0.00014635574202361205,0.060981559176505024,0.0,0.0003414967313884281,0.0,0.0,4.878524734120402e-05,0.00039028197872963214,0.25329300419553125,0.00019514098936481607,0.0,0.006732364133086155,0.0006829934627768562,0.0,9.757049468240804e-05,0.0003414967313884281,0.0,0.002927114840472241,0.0,0.0,0.00014635574202361205,0.010244901941652845,4.878524734120402e-05,0.0,0.0,0.0,0.0,0.00039028197872963214,0.08766708947214362,0.0,0.0,0.0013659869255537125,0.0009269196994828764,0.0005854229680944482,0.0,0.0009757049468240804,0.002244121377695385,0.11513318372524149,0.0,4.878524734120402e-05,0.0642989559957069,0.03092984681432335,0.002927114840472241,0.0017074836569421408,0.0,0.0,4.878524734120402e-05,4.878524734120402e-05,0.0,0.0,0.00522002146550883,0.0011220606888476925,4.878524734120402e-05,0.0,0.00800078056395746,0.0,0.0,0.0005366377207532443,0.0,0.0006342082154356522,0.0,0.0002927114840472241,0.004927309981461606,4.878524734120402e-05,0.0,0.0,0.0,0.0,0.010635183920382476,0.0,0.0029759000878134454,0.00014635574202361205,0.0,0.0,0.0,0.0,0.0,0.0,0.0,0.0,0.0,0.0,4.878524734120402e-05,0.0002439262367060201,0.0,0.0,0.0,0.00014635574202361205,0.002683188603766221,0.0,0.0,0.0,0.003951605034637526,0.0,0.0097082642208996,0.0,0.0,0.0,0.0,0.0,0.0,0.0,0.0,0.0,0.009025270758122744,0.0,0.0,0.0003414967313884281,0.0,0.0,0.0,0.0,0.023124207239730705,4.878524734120402e-05,0.0,0.04639477022148502,0.0,9.757049468240804e-05,0.0014635574202361205,0.0,0.0,0.0,0.0035125378085666893,0.0740072202166065,0.0,9.757049468240804e-05,0.0,0.0,0.0,0.0,0.0,0.0,0.0,0.0,0.0002927114840472241,0.0,4.878524734120402e-05,0.0,0.0,0.0,0.0,0.0017074836569421408,0.0,0.0,0.0,0.0006342082154356522,0.0,0.0,0.0,0.0,0.0,0.0,0.0,0.01468435944970241,0.0,0.0,0.0,0.0,0.0,0.0,0.0,0.0,0.0,0.0013172016782125086,0.004878524734120402,0.0,0.0,0.0,9.757049468240804e-05,0.004390672260708362,0.0013659869255537125,0.0,0.0,0.0,0.0,0.0,0.00019514098936481607,0.0,0.0,0.0,0.038930627378280805,0.0,0.0,0.0,0.0,0.0,0.00014635574202361205,9.757049468240804e-05,0.0,0.00014635574202361205,0.0,0.020441018635964484,0.0,0.0,0.0,0.0,0.0031710410771782615,0.0,0.0018050541516245488,0.0
"X219651",0.0,0.04073776386479969,0.0001269089216971953,0.0009306654257794323,0.0,0.006514657980456026,0.0,0.0002538178433943906,0.06358136977029485,0.0,0.0001269089216971953,0.0,0.0,0.0,0.00021151486949532553,0.22627860738609926,0.0,0.0001269089216971953,0.0038495706248149247,0.0005499386606878464,0.0,4.23029738990651e-05,4.23029738990651e-05,0.0,0.000803756504082237,0.0001269089216971953,0.0,0.0009729683996784974,0.017132704429121366,4.23029738990651e-05,0.0,0.0,0.0,0.0,0.0001692118955962604,0.11261051651931131,4.23029738990651e-05,0.0,0.0016921189559626043,0.0019459367993569948,0.00046533271288971617,0.0,0.002791996277338297,0.001649815982063539,0.11206057785862346,0.0,4.23029738990651e-05,0.026989297347603535,0.027327721138796057,0.006599263928254156,0.0015229070603663439,0.0,8.46059477981302e-05,0.0,4.23029738990651e-05,0.0,0.0,0.0021997546427513855,0.00596471931976818,4.23029738990651e-05,0.0,0.004103388468209315,8.46059477981302e-05,0.0,0.00046533271288971617,0.0,0.00021151486949532553,0.0,0.0002538178433943906,0.004187994416007445,0.0,0.0,0.0,0.0,0.0,0.011167985109353188,0.0,0.0008460594779813021,0.0,0.0,0.0,0.0,0.0,0.0,0.0,0.0,0.0,0.0,0.0,4.23029738990651e-05,0.0001692118955962604,0.0,0.0,0.0,0.0018613308515588647,0.0018190278776597994,4.23029738990651e-05,0.0,0.0,0.006979990693345742,0.0,0.011548711874444773,0.0,4.23029738990651e-05,0.0,0.0,0.0,0.0,0.0,0.0,0.0,0.008841321544904607,0.0,0.0,0.0001692118955962604,0.0,0.0,0.0,4.23029738990651e-05,0.028300689538474554,0.0,0.0,0.03185413934599602,0.0,0.0001692118955962604,0.002961208172934557,0.0,0.0,0.0,0.0017344219298616693,0.06776936418630229,0.0002961208172934557,8.46059477981302e-05,0.0,4.23029738990651e-05,0.0,0.0,0.0,0.0,0.0,0.0,0.0001692118955962604,0.0,0.0,0.0,0.0,0.0,0.0,0.0019036338254579297,0.0,4.23029738990651e-05,0.0,0.0005499386606878464,4.23029738990651e-05,0.0,0.0,0.0,0.0,0.0,0.0,0.007699141249629849,0.0,0.0,8.46059477981302e-05,0.0,0.0,0.0,0.0,0.0,0.0,0.00042302973899065107,0.002876602225136427,0.0,4.23029738990651e-05,0.0,4.23029738990651e-05,0.005795507424171919,0.00198823977325606,0.0,0.0,0.0,0.0,8.46059477981302e-05,0.0002538178433943906,0.0,0.0,0.0,0.055586107703371544,0.0,0.0,0.0,0.0,0.0,0.0001269089216971953,0.0001692118955962604,0.0,0.0002538178433943906,0.0,0.06658488091712847,0.0,0.0,0.0,0.0,0.0007614535301831719,0.0,0.0017344219298616693,0.0
"X219656",0.0010209290454313426,0.0057172026544155185,0.0033690658499234303,0.0,0.0,0.005615109749872384,0.0,0.00010209290454313425,0.013782542113323124,0.0002041858090862685,0.0,0.0,0.0,0.0,0.0,0.3588565594691169,0.0,0.0,0.02644206227667177,0.0033690658499234303,0.0,0.0,0.0,0.0,0.0,0.0,0.0,0.006533945890760592,0.008269525267993875,0.0,0.0,0.0,0.0,0.0,0.0002041858090862685,0.27646758550280753,0.0,0.0,0.0017355793772332823,0.0,0.003675344563552833,0.009392547217968351,0.00030627871362940275,0.0,0.0046962736089841755,0.0,0.0010209290454313426,0.0019397651863195507,0.0007146503318019398,0.0038795303726391014,0.001633486472690148,0.0,0.0,0.0,0.00010209290454313425,0.0,0.0,0.0,0.006329760081674324,0.0,0.0,0.0,0.0,0.0,0.0,0.0,0.00030627871362940275,0.0,0.0005104645227156713,0.013986727922409393,0.0,0.0,0.0,0.0,0.0,0.0,0.0,0.0,0.0,0.0,0.0,0.0,0.0,0.0,0.0,0.0,0.0,0.0009188361408882082,0.0,0.0,0.0,0.0,0.0,0.0,0.0005104645227156713,0.0,0.0,0.0,0.0,0.0034711587544665645,0.0,0.0,0.0,0.0,0.0,0.0,0.0,0.00030627871362940275,0.0,0.0,0.0,0.0010209290454313426,0.004185809086268504,0.0,0.0,0.0,0.0,0.0,0.0,0.006942317508933129,0.0,0.0,0.0,0.0,0.00010209290454313425,0.0369576314446146,0.0,0.0,0.0,0.015007656967840736,0.0995405819295559,0.0,0.009290454313425216,0.0,0.0,0.0,0.0,0.0,0.0,0.0,0.0,0.0,0.0,0.0,0.0,0.0,0.0,0.0,0.0,0.0,0.0,0.0,0.000816743236345074,0.0,0.0,0.0,0.0,0.0029606942317508935,0.0007146503318019398,0.0,0.005002552322613579,0.0,0.0,0.0,0.0,0.0,0.0,0.0,0.0,0.0,0.0029606942317508935,0.0,0.0,0.0,0.0,0.00010209290454313425,0.002450229709035222,0.0,0.001225114854517611,0.0,0.0,0.0,0.0,0.00030627871362940275,0.0,0.0,0.0,0.006840224604389995,0.0,0.0,0.0,0.00010209290454313425,0.0,0.0,0.0002041858090862685,0.0,0.0014293006636038796,0.0,0.030832057172026545,0.0,0.0,0.0,0.0,0.0015313935681470138,0.0,0.00408371618172537,0.0
"X219655",0.0,0.0035757429330756222,0.0017395506160908431,0.0,0.0,0.003865668035757429,0.0,0.0,0.013191592172022228,0.0,4.8320850446967865e-05,0.0,0.0,0.0,0.0,0.4919062575501329,0.0,4.8320850446967865e-05,0.0160908431988403,0.0020294757187726505,0.0,0.0,0.0,0.0,0.0,9.664170089393573e-05,0.0,0.002174438270113554,0.010823870500120802,4.8320850446967865e-05,0.0,0.0,0.0,0.0,4.8320850446967865e-05,0.12718047837641944,4.8320850446967865e-05,0.0,0.0015945880647499396,0.0008697753080454216,0.001111379560280261,0.0037690263348634937,0.0012563421116211645,0.0,0.001497946363856004,0.0,0.0011597004107272288,0.0005315293549166465,0.0012563421116211645,0.0023194008214544575,0.00048320850446967865,9.664170089393573e-05,0.0,0.0,0.0,0.0,0.0,0.0,0.008987678183136023,0.0,0.0,0.0,0.0002899251026818072,0.0,0.0,0.0,0.00024160425223483932,0.0,0.0,0.01628412660062817,0.0,0.0,4.8320850446967865e-05,4.8320850446967865e-05,4.8320850446967865e-05,0.0,0.0,9.664170089393573e-05,0.0,0.0,0.0,0.0,0.0,0.0,0.0,0.0,0.0,0.0002899251026818072,0.0,0.0,0.0,0.0,0.0,0.0,0.0009664170089393573,0.0,0.00024160425223483932,0.0,0.0,0.007441410968833052,0.0,0.0,0.0,0.0,0.0,0.0,0.0,0.0,0.0,4.8320850446967865e-05,0.0,0.0001449625513409036,0.0012080212611741967,0.0,0.0,0.0,0.0,0.0,0.0,0.00430055568978014,0.0,4.8320850446967865e-05,0.0,0.0,9.664170089393573e-05,0.02628654264315052,0.0,0.0,0.0,0.030055568978014015,0.1406136748006765,0.0,0.0025610050736892967,0.0,0.0,0.0,0.0,0.0001449625513409036,0.0,0.0,0.0,0.0,0.0,0.0,0.0,0.0,0.0,0.0,0.0,0.0,4.8320850446967865e-05,0.0,0.0005798502053636144,0.0,0.0,0.0,0.0,0.0023677216719014253,0.0,0.0,0.006185068857211887,0.0,0.0,0.0,0.0,0.0,0.0,0.0,0.0,0.0,0.0012563421116211645,0.0004348876540227108,0.0,0.0,4.8320850446967865e-05,0.0001449625513409036,0.0007731336071514858,0.0,0.0,0.0,0.0,0.0,0.0,0.0035274220826286545,0.0,0.0,0.0,0.009422565837158734,0.0,0.0,0.0,0.0,4.8320850446967865e-05,0.0,9.664170089393573e-05,0.0,4.8320850446967865e-05,0.0,0.036868808891036484,0.0,0.0,0.0,0.0,0.00019328340178787146,0.0,0.00860111137956028,0.0
"X219657",0.0,0.0,0.0004999722237653463,0.0,0.0,0.003222043219821121,0.0,0.0,0.006832953724793067,0.0,0.0,0.0,0.0,0.00027776234653630353,0.0,5.555246930726071e-05,0.0,5.555246930726071e-05,0.0,0.031831564913060384,0.0,0.0,0.0,0.0,0.0,0.0,0.0,0.0,0.07594022554302539,0.0,0.0,0.0,0.0,0.0,0.0,5.555246930726071e-05,0.0,0.0,0.0005555246930726071,0.00033331481584356423,0.0012221543247597356,0.0,0.0,0.0,0.0,0.0,0.0,0.0008888395089161713,0.03316482417643464,0.0,0.0,0.0,0.00016665740792178211,0.0,0.00022220987722904284,0.0,0.0,0.0,0.0006666296316871285,0.0,0.0,0.0,0.11260485528581746,0.0,0.0,0.0,0.0,0.0,0.0,0.0,0.0,5.555246930726071e-05,0.0,0.0,0.00011110493861452142,0.0,0.0,0.0,0.0,0.0,0.0,0.0,0.0,0.0,0.0,0.0,0.00011110493861452142,0.0,0.0,0.0,0.05955224709738348,0.0,0.0,0.0,0.02594300316649075,0.0,0.0,0.0,0.0008888395089161713,0.0,0.0,0.0,0.0,0.01644353091494917,0.0,0.0,0.0,0.0,0.0,0.0,0.0,0.0,0.0,0.0,0.0,0.0,0.0,0.0,0.0,0.03755346925170824,0.0,0.0,0.0,0.0,0.00011110493861452142,0.03533137047941781,0.0,0.0,0.0,0.003777567912893728,0.07021832120437753,0.0,0.005721904338647853,0.0,0.0,0.0,0.0,0.003610910504971946,0.0,0.00011110493861452142,0.0,0.0,0.0,0.0,0.0,0.0,0.0,0.0,0.0,0.002888728403977557,0.0,0.0,0.0,0.0,0.0,0.0,0.0,0.0,0.0,0.0,0.0,0.0,0.0,0.0,0.0,0.0,0.0,0.0,0.0,0.0,0.0,0.02183212043775346,0.0,0.00022220987722904284,0.0014999166712960392,0.0,0.0,0.0,0.0,0.0,0.0,0.0,0.0,0.00022220987722904284,0.0,0.0,0.0,5.555246930726071e-05,0.0,0.0,0.0,0.0,0.0,0.0,0.001722126548525082,0.0,0.10177212377090161,0.0,0.3394811399366702,0.0,0.0,0.0016110216099105604,0.0,0.0,0.0,0.0,0.0005555246930726071
"X219658",0.0,0.0,0.0,0.0,0.0,0.0,0.0,0.0,0.009814612868047983,0.0,0.015267175572519083,0.0,0.0,0.0,0.0,0.0,0.0,0.0,0.0,0.05997818974918211,0.0,0.0,0.0,0.0,0.0,0.0,0.0,0.0,0.03707742639040349,0.0,0.0,0.0,0.0,0.0,0.0,0.0,0.0,0.0,0.0,0.021810250817884406,0.0054525627044711015,0.0,0.0,0.0,0.0,0.0,0.0,0.010905125408942203,0.05670665212649945,0.0,0.0,0.0,0.0,0.0,0.0,0.0,0.0,0.0,0.0,0.0,0.0,0.0,0.04143947655398037,0.0,0.0,0.0,0.0,0.0,0.0,0.0,0.0,0.0,0.0,0.0,0.0,0.0,0.0,0.0,0.0,0.0,0.0,0.0,0.0,0.0,0.0,0.0,0.0,0.0,0.0,0.0,0.010905125408942203,0.0,0.0,0.0,0.04580152671755725,0.0,0.0,0.0,0.0,0.0,0.0,0.0,0.0,0.0,0.0,0.0,0.0,0.0,0.0,0.0,0.0,0.0,0.0,0.0,0.0,0.0,0.0,0.0,0.0,0.011995637949836423,0.0,0.0,0.0,0.0,0.0,0.009814612868047983,0.0,0.0,0.0,0.0,0.193020719738277,0.0,0.0,0.0,0.0,0.0,0.0,0.0,0.0,0.0,0.0,0.0,0.0,0.0,0.0,0.0,0.0,0.0,0.0,0.026172300981461286,0.0054525627044711015,0.0,0.0,0.0,0.0,0.0,0.0,0.0,0.0,0.0,0.0,0.0,0.0,0.0,0.0,0.0,0.0,0.0,0.0,0.0,0.0021810250817884407,0.028353326063249727,0.0,0.0,0.0,0.0,0.0,0.0,0.0,0.0,0.0,0.0,0.0,0.0,0.0,0.0,0.0,0.0,0.0,0.0,0.0,0.0,0.0,0.0,0.0010905125408942203,0.0,0.24863685932388221,0.0,0.15812431842966193,0.0,0.0,0.0,0.0,0.0,0.0,0.0,0.0
